ISO-10303-21;
HEADER;
FILE_DESCRIPTION (( 'STEP AP214' ),
    '1' );
FILE_NAME ('cone-pivot-post.STEP',
    '2026-10-03T16:46:25',
    ( '' ),
    ( '' ),
    'SwSTEP 2.0',
    'SolidWorks 2026',
    '' );
FILE_SCHEMA (( 'AUTOMOTIVE_DESIGN' ));
ENDSEC;

DATA;
#1 = EDGE_LOOP ( 'NONE', ( #342, #61, #1410, #623 ) ) ;
#2 = CYLINDRICAL_SURFACE ( 'NONE', #1200, 0.2417480299999998916 ) ;
#3 = DIRECTION ( 'NONE',  ( -0.9762272058393485219, 0.000000000000000000, 0.2167497233656787980 ) ) ;
#4 = ADVANCED_FACE ( 'HAF_CONE_BOSS__P04', ( #231 ), #688, .T. ) ;
#5 = ORIENTED_EDGE ( 'NONE', *, *, #610, .T. ) ;
#6 = DIRECTION ( 'NONE',  ( -1.000000000000000000, 0.000000000000000000, 0.000000000000000000 ) ) ;
#7 = CARTESIAN_POINT ( 'NONE',  ( 0.3910213001033552849, 1.059363825248837765, 0.7287585873651466484 ) ) ;
#8 = CARTESIAN_POINT ( 'NONE',  ( 0.000000000000000000, 0.000000000000000000, 0.000000000000000000 ) ) ;
#9 = CARTESIAN_POINT ( 'NONE',  ( -0.3429790387969561816, 2.598570271271736232, -0.7686757557807225583 ) ) ;
#10 = DIRECTION ( 'NONE',  ( -0.000000000000000000, -1.000000000000000000, -0.000000000000000000 ) ) ;
#11 = VERTEX_POINT ( 'NONE', #341 ) ;
#12 = LINE ( 'NONE', #460, #371 ) ;
#13 = PRODUCT_DEFINITION ( 'UNKNOWN', '', #559, #1421 ) ;
#14 = CARTESIAN_POINT ( 'NONE',  ( 0.000000000000000000, 2.862204730000001085, 1.994452759999999492 ) ) ;
#15 = EDGE_CURVE ( 'NONE', #1267, #297, #718, .T. ) ;
#16 = CARTESIAN_POINT ( 'NONE',  ( 0.000000000000000000, 3.385826769999999986, 0.000000000000000000 ) ) ;
#17 = AXIS2_PLACEMENT_3D ( 'NONE', #16, #686, #355 ) ;
#18 = DIRECTION ( 'NONE',  ( 0.000000000000000000, 0.000000000000000000, -1.000000000000000000 ) ) ;
#19 = CYLINDRICAL_SURFACE ( 'NONE', #1016, 0.2265499999999998071 ) ;
#20 = AXIS2_PLACEMENT_3D ( 'NONE', #223, #1440, #962 ) ;
#21 = VECTOR ( 'NONE', #1095, 39.37007874015748143 ) ;
#22 = VERTEX_POINT ( 'NONE', #1107 ) ;
#23 = CARTESIAN_POINT ( 'NONE',  ( -0.4631159558699224355, 1.163399434921473796, -0.6851747644311241281 ) ) ;
#24 = PLANE ( 'NONE',  #349 ) ;
#25 = EDGE_CURVE ( 'NONE', #689, #1326, #690, .T. ) ;
#26 = CARTESIAN_POINT ( 'NONE',  ( 0.3429972209942965811, 2.598576831304712176, 0.7686696518299119818 ) ) ;
#27 = FACE_OUTER_BOUND ( 'NONE', #1158, .T. ) ;
#28 = FACE_OUTER_BOUND ( 'NONE', #527, .T. ) ;
#29 = ORIENTED_EDGE ( 'NONE', *, *, #277, .F. ) ;
#30 = CYLINDRICAL_SURFACE ( 'NONE', #325, 0.2251574803149607173 ) ;
#31 = DIRECTION ( 'NONE',  ( -0.000000000000000000, 1.000000000000000000, -0.000000000000000000 ) ) ;
#32 = EDGE_LOOP ( 'NONE', ( #772, #533 ) ) ;
#33 = CARTESIAN_POINT ( 'NONE',  ( 0.1542379952691588507, 3.265651461962104651, -0.8273990810095231963 ) ) ;
#34 = EDGE_CURVE ( 'NONE', #908, #333, #1341, .T. ) ;
#35 = CARTESIAN_POINT ( 'NONE',  ( 0.5110236200000000117, 3.385826769999999986, -0.2265499999999998071 ) ) ;
#36 = FACE_OUTER_BOUND ( 'NONE', #108, .T. ) ;
#37 = ORIENTED_EDGE ( 'NONE', *, *, #746, .F. ) ;
#38 = FACE_OUTER_BOUND ( 'NONE', #1130, .T. ) ;
#39 = FACE_OUTER_BOUND ( 'NONE', #1125, .T. ) ;
#40 = ORIENTED_EDGE ( 'NONE', *, *, #562, .F. ) ;
#41 = CARTESIAN_POINT ( 'NONE',  ( 0.3423357199076857427, 3.125564163102543702, -0.7688305418465972707 ) ) ;
#42 = CARTESIAN_POINT ( 'NONE',  ( -0.5110236200000000117, 3.385826769999999986, 0.1405999999999997530 ) ) ;
#43 = DIRECTION ( 'NONE',  ( 0.000000000000000000, 0.000000000000000000, 1.000000000000000000 ) ) ;
#44 = AXIS2_PLACEMENT_3D ( 'NONE', #406, #600, #821 ) ;
#45 = VERTEX_POINT ( 'NONE', #220 ) ;
#46 = AXIS2_PLACEMENT_3D ( 'NONE', #216, #769, #1178 ) ;
#47 = EDGE_CURVE ( 'NONE', #570, #1290, #1000, .T. ) ;
#48 = CARTESIAN_POINT ( 'NONE',  ( -0.4035043132745382843, 2.708121738323102434, 0.7385284975016169762 ) ) ;
#49 = AXIS2_PLACEMENT_3D ( 'NONE', #451, #1322, #992 ) ;
#50 = CARTESIAN_POINT ( 'NONE',  ( -0.1792494611873138022, 1.652283465000000007, -0.8073283689865526913 ) ) ;
#51 = CARTESIAN_POINT ( 'NONE',  ( 0.4203408275724318521, 2.762828345358610438, -0.7290582987656625269 ) ) ;
#52 = DIRECTION ( 'NONE',  ( 0.000000000000000000, 0.000000000000000000, 1.000000000000000000 ) ) ;
#53 = CARTESIAN_POINT ( 'NONE',  ( 1.030598139920523558E-16, 3.385826767165354578, 0.8415472450000001103 ) ) ;
#54 = ORIENTED_EDGE ( 'NONE', *, *, #145, .T. ) ;
#55 = CARTESIAN_POINT ( 'NONE',  ( -0.1133000906685843884, 2.445398493724963984, 0.8340006083235423917 ) ) ;
#56 = ADVANCED_FACE ( 'HAF_MOUNT_WEST_COUNTERBORE__P02', ( #28 ), #19, .F. ) ;
#57 = CARTESIAN_POINT ( 'NONE',  ( 1.442440890201969162E-15, 1.026458978289598090, -0.8269881900000009001 ) ) ;
#58 = DIRECTION ( 'NONE',  ( 0.000000000000000000, 1.000000000000000000, 0.000000000000000000 ) ) ;
#59 = CYLINDRICAL_SURFACE ( 'NONE', #742, 0.4316929150000000104 ) ;
#60 = CARTESIAN_POINT ( 'NONE',  ( 0.05675154265675304982, 1.313700789999999952, -0.8597271876132505097 ) ) ;
#61 = ORIENTED_EDGE ( 'NONE', *, *, #145, .F. ) ;
#62 = CARTESIAN_POINT ( 'NONE',  ( -0.1407068829606527571, 2.453834894886328222, 0.8298165449766862212 ) ) ;
#63 = CARTESIAN_POINT ( 'NONE',  ( 0.1055862492291914922, 1.503314551028276824, -0.8202689731004655371 ) ) ;
#64 = ADVANCED_BREP_SHAPE_REPRESENTATION ( 'cone-pivot-post', ( #379, #1344 ), #859 ) ;
#65 = DIRECTION ( 'NONE',  ( 0.000000000000000000, 0.000000000000000000, 1.000000000000000000 ) ) ;
#66 = DIRECTION ( 'NONE',  ( 0.000000000000000000, 0.000000000000000000, 1.000000000000000000 ) ) ;
#67 = PLANE ( 'NONE',  #855 ) ;
#68 = AXIS2_PLACEMENT_3D ( 'NONE', #676, #990, #1025 ) ;
#69 = ORIENTED_EDGE ( 'NONE', *, *, #778, .T. ) ;
#70 = AXIS2_PLACEMENT_3D ( 'NONE', #351, #467, #790 ) ;
#71 = PRODUCT ( 'cone-pivot-post', 'cone-pivot-post', '', ( #482 ) ) ;
#72 = CARTESIAN_POINT ( 'NONE',  ( -0.4259530684439151726, 2.933811294015000737, -0.7257937245459997744 ) ) ;
#73 = CARTESIAN_POINT ( 'NONE',  ( 0.1350556874606990976, 1.173868230621927911, -0.8159062662400279331 ) ) ;
#74 = VECTOR ( 'NONE', #208, 39.37007874015748143 ) ;
#75 = VECTOR ( 'NONE', #1353, 39.37007874015748143 ) ;
#76 = CARTESIAN_POINT ( 'NONE',  ( 1.586579186248502284E-16, 1.600942601710400703, 0.8269881900000000119 ) ) ;
#77 = ADVANCED_FACE ( 'HAF_JOURNAL_BORE__P01', ( #458 ), #2, .F. ) ;
#78 = DIRECTION ( 'NONE',  ( 0.2167497233656790201, 0.000000000000000000, 0.9762272058393484109 ) ) ;
#79 = ORIENTED_EDGE ( 'NONE', *, *, #817, .F. ) ;
#80 = CARTESIAN_POINT ( 'NONE',  ( 0.02445214675169460686, 1.042396004350521377, -0.8267048309021005625 ) ) ;
#81 = CARTESIAN_POINT ( 'NONE',  ( -0.5110236200000000117, 3.385826769999999986, 0.000000000000000000 ) ) ;
#82 = CARTESIAN_POINT ( 'NONE',  ( -0.3415558883410760860, 1.606620134996705529, -0.7532251629801791637 ) ) ;
#83 = DIRECTION ( 'NONE',  ( -0.000000000000000000, -0.000000000000000000, -1.000000000000000000 ) ) ;
#84 = EDGE_CURVE ( 'NONE', #507, #886, #397, .T. ) ;
#85 = ORIENTED_EDGE ( 'NONE', *, *, #377, .F. ) ;
#86 = CARTESIAN_POINT ( 'NONE',  ( -7.153640733865237428E-17, 1.600942601710400703, -0.8269881900000000119 ) ) ;
#87 = CARTESIAN_POINT ( 'NONE',  ( 0.1792494611873138299, 1.313700789999999952, 0.8073283689865526913 ) ) ;
#88 = VERTEX_POINT ( 'NONE', #890 ) ;
#89 = CARTESIAN_POINT ( 'NONE',  ( 0.3247511649101624820, 3.147970932789477150, 0.7766467613064973463 ) ) ;
#90 = EDGE_CURVE ( 'NONE', #616, #257, #719, .T. ) ;
#91 = VECTOR ( 'NONE', #364, 39.37007874015748143 ) ;
#92 = AXIS2_PLACEMENT_3D ( 'NONE', #1066, #1213, #299 ) ;
#93 = CARTESIAN_POINT ( 'NONE',  ( 0.05675154265675304982, 1.313700789999999952, -0.8597271876132505097 ) ) ;
#94 = ORIENTED_EDGE ( 'NONE', *, *, #97, .F. ) ;
#95 = ORIENTED_EDGE ( 'NONE', *, *, #113, .T. ) ;
#96 = CARTESIAN_POINT ( 'NONE',  ( -0.5110236200000000117, 0.000000000000000000, 0.1405999999999991701 ) ) ;
#97 = EDGE_CURVE ( 'NONE', #724, #886, #780, .T. ) ;
#98 = CARTESIAN_POINT ( 'NONE',  ( 0.4916303763080371314, 1.358412972048086642, 0.6649891209130510683 ) ) ;
#99 = FACE_OUTER_BOUND ( 'NONE', #142, .T. ) ;
#100 = EDGE_LOOP ( 'NONE', ( #735, #882 ) ) ;
#101 = CARTESIAN_POINT ( 'NONE',  ( 0.1797993040384858188, 3.254923787886283559, 0.8222217760612279269 ) ) ;
#102 = CARTESIAN_POINT ( 'NONE',  ( -0.1464476483297832976, 1.426989941300300213, 0.8139385161754180142 ) ) ;
#103 = CARTESIAN_POINT ( 'NONE',  ( 0.000000000000000000, 3.385826767165354578, 0.000000000000000000 ) ) ;
#104 = CARTESIAN_POINT ( 'NONE',  ( 8.703719947852303668E-16, 2.430511814999990250, 0.8415472450000055504 ) ) ;
#105 = ORIENTED_EDGE ( 'NONE', *, *, #338, .T. ) ;
#106 = CARTESIAN_POINT ( 'NONE',  ( 0.000000000000000000, 3.385826767165354578, -0.8415472450000001103 ) ) ;
#107 = CARTESIAN_POINT ( 'NONE',  ( 0.2642330994502284369, 3.204730515855696904, 0.7993564351256676748 ) ) ;
#108 = EDGE_LOOP ( 'NONE', ( #468, #390, #1335, #198 ) ) ;
#109 = LINE ( 'NONE', #1407, #346 ) ;
#110 = DIRECTION ( 'NONE',  ( 0.000000000000000000, 0.000000000000000000, 1.000000000000000000 ) ) ;
#111 = DIRECTION ( 'NONE',  ( 0.000000000000000000, 0.000000000000000000, 1.000000000000000000 ) ) ;
#112 = AXIS2_PLACEMENT_3D ( 'NONE', #543, #566, #110 ) ;
#113 = EDGE_CURVE ( 'NONE', #230, #541, #804, .T. ) ;
#114 = ORIENTED_EDGE ( 'NONE', *, *, #1145, .F. ) ;
#115 = DIRECTION ( 'NONE',  ( -0.000000000000000000, 1.000000000000000000, -0.000000000000000000 ) ) ;
#116 = CARTESIAN_POINT ( 'NONE',  ( -0.02415077625073005010, 1.042176243563351035, 0.8267140808881393577 ) ) ;
#117 = ORIENTED_EDGE ( 'NONE', *, *, #47, .T. ) ;
#118 = CARTESIAN_POINT ( 'NONE',  ( 0.1135256881971513782, 2.445463090144577745, -0.8339684143441785658 ) ) ;
#119 = CARTESIAN_POINT ( 'NONE',  ( 0.4747514823214936674, 1.193427298885477272, 0.6771569003346465943 ) ) ;
#120 = CYLINDRICAL_SURFACE ( 'NONE', #1250, 0.2265499999999998071 ) ;
#121 = EDGE_LOOP ( 'NONE', ( #564, #440 ) ) ;
#122 = EDGE_CURVE ( 'NONE', #1237, #1439, #183, .T. ) ;
#123 = ORIENTED_EDGE ( 'NONE', *, *, #652, .F. ) ;
#124 = ORIENTED_EDGE ( 'NONE', *, *, #1262, .F. ) ;
#125 = DIRECTION ( 'NONE',  ( 1.000000000000000000, 0.000000000000000000, 0.000000000000000000 ) ) ;
#126 = CARTESIAN_POINT ( 'NONE',  ( -0.01429641288425373413, 3.293897645000001262, 0.8415472450000002214 ) ) ;
#127 = CARTESIAN_POINT ( 'NONE',  ( 0.1936602816290816931, 2.475343629524739075, 0.8193969181993515649 ) ) ;
#128 = DIRECTION ( 'NONE',  ( 0.000000000000000000, 0.000000000000000000, 1.000000000000000000 ) ) ;
#129 = CARTESIAN_POINT ( 'NONE',  ( 0.1792494611873138299, 1.313700789999999952, 0.8073283689865526913 ) ) ;
#130 = SHAPE_DEFINITION_REPRESENTATION ( #641, #64 ) ;
#131 = ORIENTED_EDGE ( 'NONE', *, *, #572, .F. ) ;
#132 = CARTESIAN_POINT ( 'NONE',  ( -0.3757338720524083797, 1.044921798521034839, -0.7369420981146481697 ) ) ;
#133 = EDGE_CURVE ( 'NONE', #1153, #729, #723, .T. ) ;
#134 = B_SPLINE_CURVE_WITH_KNOTS ( 'NONE', 3,
 ( #370, #387, #613, #268, #704, #833, #478, #1029 ),
 .UNSPECIFIED., .F., .F.,
 ( 4, 2, 2, 4 ),
 ( 0.01756916412184081691, 0.01997669933160206579, 0.02118046693648269196, 0.02238423454136331467 ),
 .UNSPECIFIED. ) ;
#135 = DIRECTION ( 'NONE',  ( 0.000000000000000000, 1.000000000000000000, 0.000000000000000000 ) ) ;
#136 = CARTESIAN_POINT ( 'NONE',  ( 0.4316929150000000104, 2.833549911295786483, 0.7223870103385671149 ) ) ;
#137 = CIRCLE ( 'NONE', #281, 0.2265499999999998071 ) ;
#138 = DIRECTION ( 'NONE',  ( 0.000000000000000000, 0.000000000000000000, 1.000000000000000000 ) ) ;
#139 = ORIENTED_EDGE ( 'NONE', *, *, #481, .F. ) ;
#140 = VECTOR ( 'NONE', #897, 39.37007874015748143 ) ;
#141 = VECTOR ( 'NONE', #414, 39.37007874015748143 ) ;
#142 = EDGE_LOOP ( 'NONE', ( #552, #37, #818 ) ) ;
#143 = CARTESIAN_POINT ( 'NONE',  ( 0.1792494611873138022, 1.652283465000000007, 0.8073283689865526913 ) ) ;
#144 = CARTESIAN_POINT ( 'NONE',  ( 0.3138195453609983199, 1.621952182669744502, 0.7652012180195246760 ) ) ;
#145 = EDGE_CURVE ( 'NONE', #384, #419, #137, .T. ) ;
#146 = CARTESIAN_POINT ( 'NONE',  ( 0.4316627660590945381, 2.891419173864918424, -0.7224050271003338297 ) ) ;
#147 = CARTESIAN_POINT ( 'NONE',  ( 1.442440890201969162E-15, 1.026458978289598090, -0.8269881900000009001 ) ) ;
#148 = CARTESIAN_POINT ( 'NONE',  ( -0.5110236200000000117, 3.385826769999999986, 0.2265499999999998071 ) ) ;
#149 = ORIENTED_EDGE ( 'NONE', *, *, #481, .T. ) ;
#150 = CARTESIAN_POINT ( 'NONE',  ( -0.4537915235615105902, 1.143919091293717605, -0.6913856373531931387 ) ) ;
#151 = DIRECTION ( 'NONE',  ( 0.2167497233656790201, 0.000000000000000000, 0.9762272058393484109 ) ) ;
#152 = CARTESIAN_POINT ( 'NONE',  ( 0.5110236200000000117, 3.385826769999999986, 0.000000000000000000 ) ) ;
#153 = DIRECTION ( 'NONE',  ( -0.000000000000000000, -1.000000000000000000, -0.000000000000000000 ) ) ;
#154 = FACE_OUTER_BOUND ( 'NONE', #192, .T. ) ;
#155 = APPLICATION_PROTOCOL_DEFINITION ( 'draft international standard', 'automotive_design', 1998, #415 ) ;
#156 = ORIENTED_EDGE ( 'NONE', *, *, #226, .T. ) ;
#157 = CARTESIAN_POINT ( 'NONE',  ( -0.1142910114340031091, 3.279478285226554046, -0.8342276846059100137 ) ) ;
#158 = LINE ( 'NONE', #801, #75 ) ;
#159 = CARTESIAN_POINT ( 'NONE',  ( 0.05758643414501318086, 3.290989501817754626, -0.8400449859073132464 ) ) ;
#160 = DIRECTION ( 'NONE',  ( 0.000000000000000000, 0.000000000000000000, -1.000000000000000000 ) ) ;
#161 = LINE ( 'NONE', #148, #1082 ) ;
#162 = CIRCLE ( 'NONE', #399, 0.1405999999999991701 ) ;
#163 = ORIENTED_EDGE ( 'NONE', *, *, #1192, .T. ) ;
#164 = CARTESIAN_POINT ( 'NONE',  ( -0.4174380990785648282, 2.975884899604763323, -0.7307464164571515486 ) ) ;
#165 = FACE_OUTER_BOUND ( 'NONE', #1174, .T. ) ;
#166 = CARTESIAN_POINT ( 'NONE',  ( 0.4084829609154893015, 2.721837647266749816, -0.7357760680284856081 ) ) ;
#167 = DIRECTION ( 'NONE',  ( -1.000000000000000000, 0.000000000000000000, 0.000000000000000000 ) ) ;
#168 = DIRECTION ( 'NONE',  ( -0.000000000000000000, -1.000000000000000000, -0.000000000000000000 ) ) ;
#169 = ORIENTED_EDGE ( 'NONE', *, *, #407, .T. ) ;
#170 = CARTESIAN_POINT ( 'NONE',  ( -0.1931386965202571138, 3.249306691805811553, -0.8195119370294627892 ) ) ;
#171 = FACE_OUTER_BOUND ( 'NONE', #368, .T. ) ;
#172 = CARTESIAN_POINT ( 'NONE',  ( 0.3738919714349576151, 2.644620439038584792, -0.7541237592940422951 ) ) ;
#173 = FACE_OUTER_BOUND ( 'NONE', #1351, .T. ) ;
#174 = CYLINDRICAL_SURFACE ( 'NONE', #1366, 0.4316929150000000104 ) ;
#175 = VERTEX_POINT ( 'NONE', #728 ) ;
#176 = CARTESIAN_POINT ( 'NONE',  ( -0.4167995840818167763, 2.748883018416567570, 0.7310972727459650322 ) ) ;
#177 = CARTESIAN_POINT ( 'NONE',  ( 0.04759348520985626219, 1.567867995506222467, -0.8258702713061509826 ) ) ;
#178 = EDGE_CURVE ( 'NONE', #1290, #1017, #369, .T. ) ;
#179 = CARTESIAN_POINT ( 'NONE',  ( 0.3150961567630126692, 2.566798948067509301, -0.7804013922954770033 ) ) ;
#180 = CARTESIAN_POINT ( 'NONE',  ( -0.4484985810383262383, 1.493302622526519130, -0.6948385447956535454 ) ) ;
#181 = FACE_OUTER_BOUND ( 'NONE', #707, .T. ) ;
#182 = VERTEX_POINT ( 'NONE', #706 ) ;
#183 = CIRCLE ( 'NONE', #582, 0.1405999999999991701 ) ;
#184 = CARTESIAN_POINT ( 'NONE',  ( -0.2524373887284656059, 2.511732980392641590, 0.8028850569206341659 ) ) ;
#185 = CARTESIAN_POINT ( 'NONE',  ( 0.1670126972492982087, 1.299478489249984436, -0.8099482857948112624 ) ) ;
#186 = AXIS2_PLACEMENT_3D ( 'NONE', #393, #1270, #1354 ) ;
#187 = EDGE_CURVE ( 'NONE', #1008, #1017, #593, .T. ) ;
#188 = CARTESIAN_POINT ( 'NONE',  ( 0.02768453551919603309, 1.616579556235151038, 0.8266529273223764962 ) ) ;
#189 = DIRECTION ( 'NONE',  ( 1.000000000000000000, 0.000000000000000000, 0.000000000000000000 ) ) ;
#190 = DIRECTION ( 'NONE',  ( 0.000000000000000000, 0.000000000000000000, 1.000000000000000000 ) ) ;
#191 = ORIENTED_EDGE ( 'NONE', *, *, #347, .T. ) ;
#192 = EDGE_LOOP ( 'NONE', ( #677, #1032 ) ) ;
#193 = CARTESIAN_POINT ( 'NONE',  ( 0.02496962684815157152, 1.585731062511848366, -0.8269881900000000119 ) ) ;
#194 = DIRECTION ( 'NONE',  ( -0.000000000000000000, 1.000000000000000000, -0.000000000000000000 ) ) ;
#195 = CARTESIAN_POINT ( 'NONE',  ( 0.000000000000000000, 2.338582677165354617, 0.000000000000000000 ) ) ;
#196 = EDGE_CURVE ( 'NONE', #380, #689, #1282, .T. ) ;
#197 = VERTEX_POINT ( 'NONE', #506 ) ;
#198 = ORIENTED_EDGE ( 'NONE', *, *, #25, .T. ) ;
#199 = CARTESIAN_POINT ( 'NONE',  ( -0.1590703039621643167, 1.241882676596024693, 0.8115552851213534424 ) ) ;
#200 = CARTESIAN_POINT ( 'NONE',  ( -0.1792494611873138022, 1.652283465000000007, -0.8073283689865526913 ) ) ;
#201 = ORIENTED_EDGE ( 'NONE', *, *, #798, .T. ) ;
#202 = ADVANCED_FACE ( 'HAF_JOURNAL_BORE__P01', ( #36 ), #499, .F. ) ;
#203 = ORIENTED_EDGE ( 'NONE', *, *, #25, .F. ) ;
#204 = CARTESIAN_POINT ( 'NONE',  ( -0.2251574803149607173, 2.862204730000001085, 1.994452759999999492 ) ) ;
#205 = CARTESIAN_POINT ( 'NONE',  ( 0.000000000000000000, 3.385826769999999986, -0.8269881900000000119 ) ) ;
#206 = AXIS2_PLACEMENT_3D ( 'NONE', #887, #1330, #776 ) ;
#207 = AXIS2_PLACEMENT_3D ( 'NONE', #250, #31, #461 ) ;
#208 = DIRECTION ( 'NONE',  ( -0.000000000000000000, 1.000000000000000000, -0.000000000000000000 ) ) ;
#209 = VERTEX_POINT ( 'NONE', #262 ) ;
#210 = CARTESIAN_POINT ( 'NONE',  ( 0.1138888723691378752, 3.279604973747936469, 0.8342910366598337291 ) ) ;
#211 = CARTESIAN_POINT ( 'NONE',  ( 0.1483778406661646898, 1.651190504147733495, 0.8137223988873731884 ) ) ;
#212 = CARTESIAN_POINT ( 'NONE',  ( 0.4194909877263716114, 1.089895597686819206, 0.7128790802818728567 ) ) ;
#213 = FACE_BOUND ( 'NONE', #32, .T. ) ;
#214 = ORIENTED_EDGE ( 'NONE', *, *, #778, .F. ) ;
#215 = CARTESIAN_POINT ( 'NONE',  ( 1.030614912569455702E-16, 3.293897645000000818, 0.8415472450000001103 ) ) ;
#216 = CARTESIAN_POINT ( 'NONE',  ( 0.5110236200000000117, 0.000000000000000000, 0.000000000000000000 ) ) ;
#217 = CARTESIAN_POINT ( 'NONE',  ( 0.4786305795854374767, 1.423503875051928214, 0.6744690928604613056 ) ) ;
#218 = ADVANCED_FACE ( 'HAF_FOOT_SEAT__P01', ( #1289, #1173, #373 ), #938, .F. ) ;
#219 = CARTESIAN_POINT ( 'NONE',  ( 0.3742496541554554135, 2.645216345645385658, 0.7539478255281661934 ) ) ;
#220 = CARTESIAN_POINT ( 'NONE',  ( 8.703719947852303668E-16, 2.430511814999990250, 0.8415472450000055504 ) ) ;
#221 = CYLINDRICAL_SURFACE ( 'NONE', #1204, 0.1405999999999997252 ) ;
#222 = ORIENTED_EDGE ( 'NONE', *, *, #658, .T. ) ;
#223 = CARTESIAN_POINT ( 'NONE',  ( -0.1792494611873138299, 1.313700789999999952, -0.8073283689865526913 ) ) ;
#224 = CARTESIAN_POINT ( 'NONE',  ( 0.4193232632739029575, 1.537723002765759128, 0.7129791066364066232 ) ) ;
#225 = AXIS2_PLACEMENT_3D ( 'NONE', #1427, #190, #1409 ) ;
#226 = EDGE_CURVE ( 'NONE', #616, #1267, #161, .T. ) ;
#227 = AXIS2_PLACEMENT_3D ( 'NONE', #1301, #194, #1281 ) ;
#228 = FACE_OUTER_BOUND ( 'NONE', #1195, .T. ) ;
#229 = AXIS2_PLACEMENT_3D ( 'NONE', #1028, #151, #693 ) ;
#230 = VERTEX_POINT ( 'NONE', #944 ) ;
#231 = FACE_OUTER_BOUND ( 'NONE', #1329, .T. ) ;
#232 =( NAMED_UNIT ( * ) SI_UNIT ( $, .STERADIAN. ) SOLID_ANGLE_UNIT ( ) );
#233 = ORIENTED_EDGE ( 'NONE', *, *, #1057, .T. ) ;
#234 = FACE_OUTER_BOUND ( 'NONE', #1263, .T. ) ;
#235 = CARTESIAN_POINT ( 'NONE',  ( 0.4633567209358092076, 1.464724585132750834, 0.6850520696282290656 ) ) ;
#236 = FACE_OUTER_BOUND ( 'NONE', #1368, .T. ) ;
#237 = CARTESIAN_POINT ( 'NONE',  ( -0.4174272645746239796, 2.748430024220887447, -0.7307529719265829504 ) ) ;
#238 = DIRECTION ( 'NONE',  ( 0.000000000000000000, 0.000000000000000000, 1.000000000000000000 ) ) ;
#239 = EDGE_CURVE ( 'NONE', #380, #1320, #948, .T. ) ;
#240 = CARTESIAN_POINT ( 'NONE',  ( 0.000000000000000000, 0.000000000000000000, 0.000000000000000000 ) ) ;
#241 = ORIENTED_EDGE ( 'NONE', *, *, #1078, .T. ) ;
#242 = FACE_OUTER_BOUND ( 'NONE', #263, .T. ) ;
#243 = LINE ( 'NONE', #1269, #538 ) ;
#244 = CARTESIAN_POINT ( 'NONE',  ( 0.4084563631081366553, 2.721764199573883936, 0.7357907751773078431 ) ) ;
#245 = CARTESIAN_POINT ( 'NONE',  ( 0.000000000000000000, 3.385826769999999986, 0.000000000000000000 ) ) ;
#246 = ORIENTED_EDGE ( 'NONE', *, *, #975, .T. ) ;
#247 = ADVANCED_FACE ( 'HAF_CRANK_BOSS__P02', ( #1388 ), #174, .T. ) ;
#248 = ORIENTED_EDGE ( 'NONE', *, *, #752, .T. ) ;
#249 = DIRECTION ( 'NONE',  ( 0.000000000000000000, 0.000000000000000000, -1.000000000000000000 ) ) ;
#250 = CARTESIAN_POINT ( 'NONE',  ( 0.5110236200000000117, 3.148826769999999442, 0.000000000000000000 ) ) ;
#251 = AXIS2_PLACEMENT_3D ( 'NONE', #1381, #1031, #289 ) ;
#252 = CARTESIAN_POINT ( 'NONE',  ( 0.1933355592527161160, 3.249218349666093797, -0.8194696202955784603 ) ) ;
#253 = CARTESIAN_POINT ( 'NONE',  ( -0.3735927456983949013, 2.645447791355660883, -0.7541124193722303914 ) ) ;
#254 = VERTEX_POINT ( 'NONE', #1258 ) ;
#255 = AXIS2_PLACEMENT_3D ( 'NONE', #1235, #78, #300 ) ;
#256 = AXIS2_PLACEMENT_3D ( 'NONE', #1144, #135, #603 ) ;
#257 = VERTEX_POINT ( 'NONE', #480 ) ;
#258 = CARTESIAN_POINT ( 'NONE',  ( -0.4916520288940434691, 1.269200360418691442, -0.6649730846285382135 ) ) ;
#259 = FACE_OUTER_BOUND ( 'NONE', #864, .T. ) ;
#260 = CARTESIAN_POINT ( 'NONE',  ( 0.4035954458125238786, 2.708354472218863496, -0.7384788950524416862 ) ) ;
#261 = FACE_OUTER_BOUND ( 'NONE', #822, .T. ) ;
#262 = CARTESIAN_POINT ( 'NONE',  ( 0.2251574803149607173, 2.862204730000001085, 1.994452759999999492 ) ) ;
#263 = EDGE_LOOP ( 'NONE', ( #408, #374, #117, #1398, #79, #1362, #246, #1411, #1061, #124 ) ) ;
#264 = CARTESIAN_POINT ( 'NONE',  ( -0.4321597460899285759, 1.106955509335321386, -0.7052070562752267291 ) ) ;
#265 = CARTESIAN_POINT ( 'NONE',  ( 0.2226222074383457372, 1.650084176568650696, 0.7967683180562861178 ) ) ;
#266 = EDGE_CURVE ( 'NONE', #860, #11, #1167, .T. ) ;
#267 = EDGE_LOOP ( 'NONE', ( #601, #1359, #1382, #1242, #114 ) ) ;
#268 = CARTESIAN_POINT ( 'NONE',  ( -0.1018447382838351817, 0.9839595869351340784, -0.8208367241714011886 ) ) ;
#269 = DIRECTION ( 'NONE',  ( 0.000000000000000000, 1.000000000000000000, 0.000000000000000000 ) ) ;
#270 = DIRECTION ( 'NONE',  ( 0.000000000000000000, 0.000000000000000000, 1.000000000000000000 ) ) ;
#271 = B_SPLINE_CURVE_WITH_KNOTS ( 'NONE', 3,
 ( #443, #1109, #1219, #1438, #199, #1308, #563, #865, #553, #891, #1424, #116, #328, #433 ),
 .UNSPECIFIED., .F., .F.,
 ( 4, 2, 2, 2, 2, 2, 4 ),
 ( 0.04077637927026707410, 0.04187386682998897602, 0.04297135438971087101, 0.04516632950915464018, 0.04736130462859840240, 0.04845879218832028351, 0.04955627974804216462 ),
 .UNSPECIFIED. ) ;
#272 = ORIENTED_EDGE ( 'NONE', *, *, #347, .F. ) ;
#273 = CARTESIAN_POINT ( 'NONE',  ( -0.3150827794293375450, 2.566784751762968497, 0.7804067827018135173 ) ) ;
#274 = DIRECTION ( 'NONE',  ( -0.000000000000000000, -0.000000000000000000, -1.000000000000000000 ) ) ;
#275 = B_SPLINE_CURVE_WITH_KNOTS ( 'NONE', 3,
 ( #518, #956, #634, #1071, #524, #416, #871, #984, #1094, #102, #1431, #1230, #574, #1019, #1143, #1126 ),
 .UNSPECIFIED., .F., .F.,
 ( 4, 2, 2, 2, 2, 2, 2, 4 ),
 ( 0.03198998909117769379, 0.03308828786356386720, 0.03418658663595004060, 0.03638318418072238047, 0.03748148295310855388, 0.03857978172549472728, 0.03967808049788090069, 0.04077637927026707410 ),
 .UNSPECIFIED. ) ;
#276 = CARTESIAN_POINT ( 'NONE',  ( 0.000000000000000000, 3.293897645000000818, -0.8415472400000000297 ) ) ;
#277 = EDGE_CURVE ( 'NONE', #209, #639, #813, .T. ) ;
#278 = CARTESIAN_POINT ( 'NONE',  ( 0.000000000000000000, 2.862204730000001085, 1.994452759999999492 ) ) ;
#279 = VECTOR ( 'NONE', #10, 39.37007874015748143 ) ;
#280 = FACE_BOUND ( 'NONE', #1069, .T. ) ;
#281 = AXIS2_PLACEMENT_3D ( 'NONE', #398, #296, #270 ) ;
#282 = ORIENTED_EDGE ( 'NONE', *, *, #863, .T. ) ;
#283 = CIRCLE ( 'NONE', #557, 0.8415472450000001103 ) ;
#284 = CARTESIAN_POINT ( 'NONE',  ( -0.3660716118433793298, 3.091427426159548020, -0.7578037619295622251 ) ) ;
#285 = CIRCLE ( 'NONE', #207, 0.2265499999999998071 ) ;
#286 = CARTESIAN_POINT ( 'NONE',  ( 0.07813461643202024298, 1.537187487785139473, -0.8233521681091617861 ) ) ;
#287 = CARTESIAN_POINT ( 'NONE',  ( 0.4083429626794315981, 3.002983868561177161, -0.7358539772434558035 ) ) ;
#288 = DIRECTION ( 'NONE',  ( 0.000000000000000000, 0.000000000000000000, 1.000000000000000000 ) ) ;
#289 = DIRECTION ( 'NONE',  ( 0.9762272058393485219, 0.000000000000000000, -0.2167497233656787980 ) ) ;
#290 = VERTEX_POINT ( 'NONE', #1060 ) ;
#291 = ADVANCED_FACE ( 'HAF_CRANK_BOSS_FACES__P02', ( #280, #154 ), #67, .T. ) ;
#292 = DIRECTION ( 'NONE',  ( 0.000000000000000000, 0.000000000000000000, 1.000000000000000000 ) ) ;
#293 = FACE_BOUND ( 'NONE', #1389, .T. ) ;
#294 = CARTESIAN_POINT ( 'NONE',  ( 0.1929025455636563524, 2.474987426315976791, -0.8195667018975453244 ) ) ;
#295 = CARTESIAN_POINT ( 'NONE',  ( -0.3138516934621156662, 1.621938558050462609, -0.7651887103093724107 ) ) ;
#296 = DIRECTION ( 'NONE',  ( -0.000000000000000000, 1.000000000000000000, -0.000000000000000000 ) ) ;
#297 = VERTEX_POINT ( 'NONE', #1396 ) ;
#298 = CARTESIAN_POINT ( 'NONE',  ( -0.2955233422672419730, 2.547218896017448664, 0.7880214835619081537 ) ) ;
#299 = DIRECTION ( 'NONE',  ( -0.9762272058393485219, 0.000000000000000000, 0.2167497233656787980 ) ) ;
#300 = DIRECTION ( 'NONE',  ( 0.9762272058393485219, 0.000000000000000000, -0.2167497233656788536 ) ) ;
#301 =( LENGTH_UNIT ( ) NAMED_UNIT ( * ) SI_UNIT ( $, .METRE. ) );
#302 = EDGE_LOOP ( 'NONE', ( #310, #1217 ) ) ;
#303 = STYLED_ITEM ( 'NONE', ( #964 ), #379 ) ;
#304 = CARTESIAN_POINT ( 'NONE',  ( 0.1792494611873138299, 1.313700789999999952, 0.8073283689865526913 ) ) ;
#305 = CIRCLE ( 'NONE', #46, 0.1405999999999991701 ) ;
#306 = AXIS2_PLACEMENT_3D ( 'NONE', #709, #1246, #589 ) ;
#307 = EDGE_CURVE ( 'NONE', #775, #724, #162, .T. ) ;
#308 = CARTESIAN_POINT ( 'NONE',  ( -0.4316929150000000104, 2.862204730000001085, 1.994452759999999492 ) ) ;
#309 = CARTESIAN_POINT ( 'NONE',  ( -0.1638516870114750112, 1.652283464999150686, -0.8107471062399003170 ) ) ;
#310 = ORIENTED_EDGE ( 'NONE', *, *, #845, .T. ) ;
#311 = VERTEX_POINT ( 'NONE', #931 ) ;
#312 = CARTESIAN_POINT ( 'NONE',  ( 0.6516236200000002921, 3.148826769999999442, 0.000000000000000000 ) ) ;
#313 = ADVANCED_FACE ( 'HAF_CRANK_BOSS__P02', ( #1375 ), #540, .T. ) ;
#314 =( CONVERSION_BASED_UNIT ( 'INCH', #520 ) LENGTH_UNIT ( ) NAMED_UNIT ( #979 ) );
#315 = ORIENTED_EDGE ( 'NONE', *, *, #320, .T. ) ;
#316 = CARTESIAN_POINT ( 'NONE',  ( 0.1924659253446024398, 3.248874535099455674, 0.8193421919221264282 ) ) ;
#317 = CARTESIAN_POINT ( 'NONE',  ( 0.2948475761395660255, 0.9970366250743778469, 0.7727106034821834557 ) ) ;
#318 = CARTESIAN_POINT ( 'NONE',  ( -0.07155018267484768157, 1.634726880467752386, -0.8240279148609983562 ) ) ;
#319 = ORIENTED_EDGE ( 'NONE', *, *, #1311, .F. ) ;
#320 = EDGE_CURVE ( 'NONE', #1205, #311, #569, .T. ) ;
#321 = CARTESIAN_POINT ( 'NONE',  ( 0.05712755929092571544, 3.290340993506991829, 0.8397274298130058545 ) ) ;
#322 = CARTESIAN_POINT ( 'NONE',  ( 0.05716587345414655269, 2.433347058811667907, -0.8400820094062722010 ) ) ;
#323 = AXIS2_PLACEMENT_3D ( 'NONE', #1073, #526, #1180 ) ;
#324 = LINE ( 'NONE', #205, #488 ) ;
#325 = AXIS2_PLACEMENT_3D ( 'NONE', #1009, #1252, #6 ) ;
#326 = CARTESIAN_POINT ( 'NONE',  ( 0.05768320378691058070, 2.434140046386356282, 0.8396909061227229021 ) ) ;
#327 = EDGE_LOOP ( 'NONE', ( #85, #1327, #201, #400 ) ) ;
#328 = CARTESIAN_POINT ( 'NONE',  ( -0.01230109952441863636, 1.033952829068344403, 0.8269881900000002339 ) ) ;
#329 = ADVANCED_FACE ( 'HAF_CRANK_BOSS_FACES__P01', ( #1076, #99 ), #1201, .F. ) ;
#330 = CARTESIAN_POINT ( 'NONE',  ( 0.1540274960450740416, 2.458680544606735019, -0.8274370655061578095 ) ) ;
#331 = DIRECTION ( 'NONE',  ( 0.9762272058393485219, 0.000000000000000000, -0.2167497233656788536 ) ) ;
#332 = DIRECTION ( 'NONE',  ( 0.000000000000000000, 1.000000000000000000, 0.000000000000000000 ) ) ;
#333 = VERTEX_POINT ( 'NONE', #977 ) ;
#334 = DIRECTION ( 'NONE',  ( 0.9762272058393485219, 0.000000000000000000, -0.2167497233656787980 ) ) ;
#335 = CARTESIAN_POINT ( 'NONE',  ( 0.3426702863953817735, 3.126231032322729586, 0.7688129239228388423 ) ) ;
#336 = ORIENTED_EDGE ( 'NONE', *, *, #692, .F. ) ;
#337 = CARTESIAN_POINT ( 'NONE',  ( -0.5110236200000000117, 3.148826769999999442, 0.2265499999999998071 ) ) ;
#338 = EDGE_CURVE ( 'NONE', #1017, #290, #1414, .T. ) ;
#339 = CARTESIAN_POINT ( 'NONE',  ( 0.2228362714970693326, 0.9773655743976868981, 0.7967009622777615485 ) ) ;
#340 = DIRECTION ( 'NONE',  ( 0.000000000000000000, -1.000000000000000000, 0.000000000000000000 ) ) ;
#341 = CARTESIAN_POINT ( 'NONE',  ( 0.000000000000000000, 0.000000000000000000, -0.8269881900000000119 ) ) ;
#342 = ORIENTED_EDGE ( 'NONE', *, *, #863, .F. ) ;
#343 = CARTESIAN_POINT ( 'NONE',  ( -0.2334981147077319352, 0.9795915253973298542, -0.7934153881808931885 ) ) ;
#344 = CYLINDRICAL_SURFACE ( 'NONE', #1371, 0.8415472450000001103 ) ;
#345 = CIRCLE ( 'NONE', #1162, 0.8415472450000001103 ) ;
#346 = VECTOR ( 'NONE', #556, 39.37007874015748143 ) ;
#347 = EDGE_CURVE ( 'NONE', #230, #22, #486, .T. ) ;
#348 = CARTESIAN_POINT ( 'NONE',  ( 0.3254155924190682003, 2.577197681719904043, 0.7763669612022098265 ) ) ;
#349 = AXIS2_PLACEMENT_3D ( 'NONE', #918, #1043, #935 ) ;
#350 = LINE ( 'NONE', #599, #140 ) ;
#351 = CARTESIAN_POINT ( 'NONE',  ( 0.5110236200000000117, 3.148826769999999442, 0.000000000000000000 ) ) ;
#352 = EDGE_LOOP ( 'NONE', ( #759, #5 ) ) ;
#353 = CARTESIAN_POINT ( 'NONE',  ( -0.4673180707051996507, 1.173347746908751432, -0.6823079755103462762 ) ) ;
#354 = CARTESIAN_POINT ( 'NONE',  ( -0.07169002714710619173, 3.288144159836078106, 0.8386068023253606674 ) ) ;
#355 = DIRECTION ( 'NONE',  ( 0.000000000000000000, -0.000000000000000000, 1.000000000000000000 ) ) ;
#356 = ADVANCED_FACE ( 'HAF_CRANK_BOSS__P01', ( #181 ), #1422, .T. ) ;
#357 = CARTESIAN_POINT ( 'NONE',  ( 0.000000000000000000, 2.430511815000000908, -0.8415472400000000297 ) ) ;
#358 = VERTEX_POINT ( 'NONE', #425 ) ;
#359 = ORIENTED_EDGE ( 'NONE', *, *, #226, .F. ) ;
#360 = CARTESIAN_POINT ( 'NONE',  ( -0.2228496146810689527, 0.9779215340640868837, -0.7964756078198547140 ) ) ;
#361 = CARTESIAN_POINT ( 'NONE',  ( -0.1930331731467788692, 3.248591417779358004, 0.8192085178670861501 ) ) ;
#362 = CARTESIAN_POINT ( 'NONE',  ( 0.4035141853413966584, 3.016255023663820367, -0.7385227989576641505 ) ) ;
#363 = CARTESIAN_POINT ( 'NONE',  ( -0.1936803867837406934, 2.475343204455426882, -0.8193966286543081790 ) ) ;
#364 = DIRECTION ( 'NONE',  ( -0.000000000000000000, 1.000000000000000000, -0.000000000000000000 ) ) ;
#365 = ORIENTED_EDGE ( 'NONE', *, *, #377, .T. ) ;
#366 = CARTESIAN_POINT ( 'NONE',  ( 0.000000000000000000, 3.385826767165354578, 0.000000000000000000 ) ) ;
#367 = CARTESIAN_POINT ( 'NONE',  ( -0.2297137966378104967, 3.227969928059506888, 0.8096780643361787266 ) ) ;
#368 = EDGE_LOOP ( 'NONE', ( #54, #998 ) ) ;
#369 = CIRCLE ( 'NONE', #514, 0.4316929150000000104 ) ;
#370 = CARTESIAN_POINT ( 'NONE',  ( 1.442440890201969162E-15, 1.026458978289598090, -0.8269881900000009001 ) ) ;
#371 = VECTOR ( 'NONE', #1151, 39.37007874015748143 ) ;
#372 = CARTESIAN_POINT ( 'NONE',  ( -0.1410443166050535657, 2.453205423246569428, -0.8300779650298877321 ) ) ;
#373 = FACE_OUTER_BOUND ( 'NONE', #662, .T. ) ;
#374 = ORIENTED_EDGE ( 'NONE', *, *, #845, .F. ) ;
#375 = CARTESIAN_POINT ( 'NONE',  ( -0.3420176250880896940, 1.020436875949600752, -0.7531822772146319345 ) ) ;
#376 = B_SPLINE_CURVE_WITH_KNOTS ( 'NONE', 3,
 ( #870, #656, #1080, #1334, #768, #542, #1212, #335, #89, #983, #107, #536, #668, #316, #101, #876, #210, #427, #321, #974, #884, #215 ),
 .UNSPECIFIED., .F., .F.,
 ( 4, 2, 2, 2, 2, 2, 2, 2, 2, 2, 4 ),
 ( 0.03491033752842461618, 0.03708931988207571362, 0.03926830223572681799, 0.04144728458937791543, 0.04362626694302901287, 0.04580524929668011724, 0.04689474047350566249, 0.04798423165033120774, 0.05016321400398231906, 0.05125270518080787818, 0.05234219635763343731 ),
 .UNSPECIFIED. ) ;
#377 = EDGE_CURVE ( 'NONE', #1237, #254, #430, .T. ) ;
#378 = CARTESIAN_POINT ( 'NONE',  ( -0.5110236200000000117, 3.148826769999999442, 0.1406000000000003358 ) ) ;
#379 = MANIFOLD_SOLID_BREP ( 'AttachmentScrewHoles', #1041 ) ;
#380 = VERTEX_POINT ( 'NONE', #93 ) ;
#381 = CARTESIAN_POINT ( 'NONE',  ( 0.2179680508480678347, 3.235884945123883139, -0.8131926390961571327 ) ) ;
#382 = CARTESIAN_POINT ( 'NONE',  ( -0.3928755812733262798, 2.682751941782419269, -0.7442365804368402671 ) ) ;
#383 = DIRECTION ( 'NONE',  ( 0.9762272058393485219, 0.000000000000000000, -0.2167497233656787980 ) ) ;
#384 = VERTEX_POINT ( 'NONE', #741 ) ;
#385 = CARTESIAN_POINT ( 'NONE',  ( -0.5110236200000000117, 3.148826769999999442, 0.000000000000000000 ) ) ;
#386 = CARTESIAN_POINT ( 'NONE',  ( -0.5110236200000000117, 3.385826769999999986, 0.000000000000000000 ) ) ;
#387 = CARTESIAN_POINT ( 'NONE',  ( -0.02718442725313098551, 1.009898178912583599, -0.8269881900000000119 ) ) ;
#388 = CARTESIAN_POINT ( 'NONE',  ( 0.07158915504041531153, 0.9926646703520100035, 0.8240233616134454708 ) ) ;
#389 = CARTESIAN_POINT ( 'NONE',  ( 0.000000000000000000, 3.385826769999999986, -0.8269881900000000119 ) ) ;
#390 = ORIENTED_EDGE ( 'NONE', *, *, #239, .F. ) ;
#391 = CARTESIAN_POINT ( 'NONE',  ( -0.3871449435642853043, 2.669146006524330872, 0.7473110368407155368 ) ) ;
#392 = DIRECTION ( 'NONE',  ( 0.000000000000000000, 0.000000000000000000, 1.000000000000000000 ) ) ;
#393 = CARTESIAN_POINT ( 'NONE',  ( 0.000000000000000000, 3.385826769999999986, 0.000000000000000000 ) ) ;
#394 = B_SPLINE_CURVE_WITH_KNOTS ( 'NONE', 3,
 ( #849, #1272, #1395, #1179, #388, #963, #842, #827, #1045, #525 ),
 .UNSPECIFIED., .F., .F.,
 ( 4, 2, 2, 2, 4 ),
 ( 0.04955627974804216462, 0.05075710113328451428, 0.05195792251852686394, 0.05315874390376921360, 0.05435956528901156326 ),
 .UNSPECIFIED. ) ;
#395 = ADVANCED_FACE ( 'NONE', ( #1194, #751 ), #628, .F. ) ;
#396 = CARTESIAN_POINT ( 'NONE',  ( 0.000000000000000000, 2.862204730000001085, 1.994452759999999492 ) ) ;
#397 = CIRCLE ( 'NONE', #70, 0.1406000000000002803 ) ;
#398 = CARTESIAN_POINT ( 'NONE',  ( 0.5110236200000000117, 3.148826769999999442, 0.000000000000000000 ) ) ;
#399 = AXIS2_PLACEMENT_3D ( 'NONE', #1141, #1149, #490 ) ;
#400 = ORIENTED_EDGE ( 'NONE', *, *, #987, .T. ) ;
#401 = AXIS2_PLACEMENT_3D ( 'NONE', #678, #783, #1238 ) ;
#402 = CARTESIAN_POINT ( 'NONE',  ( -0.4090954718556458203, 3.002919483876934414, -0.7355248209062738018 ) ) ;
#403 = CARTESIAN_POINT ( 'NONE',  ( -0.4258554744536163783, 2.934385704874624690, 0.7258510665651232152 ) ) ;
#404 = CARTESIAN_POINT ( 'NONE',  ( 0.000000000000000000, 3.385826767165354578, -0.8415472450000001103 ) ) ;
#405 = CARTESIAN_POINT ( 'NONE',  ( 0.5110236200000000117, 3.385826769999999986, 0.2265499999999998071 ) ) ;
#406 = CARTESIAN_POINT ( 'NONE',  ( 0.000000000000000000, 0.000000000000000000, 0.000000000000000000 ) ) ;
#407 = EDGE_CURVE ( 'NONE', #594, #993, #649, .T. ) ;
#408 = ORIENTED_EDGE ( 'NONE', *, *, #133, .F. ) ;
#409 = CARTESIAN_POINT ( 'NONE',  ( -0.2857670003826171534, 3.186961162455570484, -0.7918222087337485338 ) ) ;
#410 = CARTESIAN_POINT ( 'NONE',  ( 0.1065024735807687251, 1.123808921733958188, -0.8202357898273426873 ) ) ;
#411 = CARTESIAN_POINT ( 'NONE',  ( 0.07158725854556194368, 1.634736427453568508, 0.8240235854022278650 ) ) ;
#412 = CARTESIAN_POINT ( 'NONE',  ( -0.4785866196388017801, 1.423616937160001150, -0.6744993699633046180 ) ) ;
#413 = ORIENTED_EDGE ( 'NONE', *, *, #968, .T. ) ;
#414 = DIRECTION ( 'NONE',  ( -0.2167497233656790201, -0.000000000000000000, -0.9762272058393485219 ) ) ;
#415 = APPLICATION_CONTEXT ( 'automotive_design' ) ;
#416 = CARTESIAN_POINT ( 'NONE',  ( -0.08859760815161804581, 1.526647306847247032, 0.8224849915718369653 ) ) ;
#417 = CARTESIAN_POINT ( 'NONE',  ( -0.5097830799481760655, 1.313700789999999952, -0.7339406678438911147 ) ) ;
#418 = ORIENTED_EDGE ( 'NONE', *, *, #510, .F. ) ;
#419 = VERTEX_POINT ( 'NONE', #1338 ) ;
#420 = AXIS2_PLACEMENT_3D ( 'NONE', #914, #682, #1236 ) ;
#421 = CARTESIAN_POINT ( 'NONE',  ( 0.08842735699403998784, 1.100577445315514158, -0.8224999158878876226 ) ) ;
#422 = EDGE_CURVE ( 'NONE', #757, #230, #604, .T. ) ;
#423 = CARTESIAN_POINT ( 'NONE',  ( 0.5110236200000000117, 3.148826769999999442, 0.000000000000000000 ) ) ;
#424 = CARTESIAN_POINT ( 'NONE',  ( -0.1792494611873138022, 0.9751181150000000075, -0.8073283689865526913 ) ) ;
#425 = CARTESIAN_POINT ( 'NONE',  ( 8.992549096217215455E-17, 1.026458978289599422, 0.8269881900000000119 ) ) ;
#426 = VERTEX_POINT ( 'NONE', #765 ) ;
#427 = CARTESIAN_POINT ( 'NONE',  ( 0.07140775535002343022, 3.288195835311318316, 0.8386330001414820101 ) ) ;
#428 = EDGE_LOOP ( 'NONE', ( #1220, #241, #898, #1307 ) ) ;
#429 = CARTESIAN_POINT ( 'NONE',  ( 0.1792494611873138022, 0.9751181150000000075, 0.8073283689865526913 ) ) ;
#430 = LINE ( 'NONE', #1310, #74 ) ;
#431 = ADVANCED_FACE ( 'HAF_HEAD__P02', ( #1098, #213, #464 ), #576, .T. ) ;
#432 = ORIENTED_EDGE ( 'NONE', *, *, #1010, .F. ) ;
#433 = CARTESIAN_POINT ( 'NONE',  ( 8.992549096217215455E-17, 1.026458978289599422, 0.8269881900000000119 ) ) ;
#434 = FACE_OUTER_BOUND ( 'NONE', #327, .T. ) ;
#435 = AXIS2_PLACEMENT_3D ( 'NONE', #475, #917, #1360 ) ;
#436 = CARTESIAN_POINT ( 'NONE',  ( 0.4634589128587230933, 1.162955981501709646, 0.6849811584580337565 ) ) ;
#437 = CIRCLE ( 'NONE', #229, 0.3385826749999999441 ) ;
#438 = CIRCLE ( 'NONE', #306, 0.1405999999999991701 ) ;
#439 = CARTESIAN_POINT ( 'NONE',  ( 0.4288682825732275106, 2.805142456683844543, 0.7240972432521580737 ) ) ;
#440 = ORIENTED_EDGE ( 'NONE', *, *, #122, .T. ) ;
#441 = EDGE_CURVE ( 'NONE', #45, #748, #1137, .T. ) ;
#442 = CARTESIAN_POINT ( 'NONE',  ( -0.5110236200000000117, 0.000000000000000000, 0.000000000000000000 ) ) ;
#443 = CARTESIAN_POINT ( 'NONE',  ( -0.1669958104825383927, 1.313700789999999952, 0.8099517675027052555 ) ) ;
#444 = B_SPLINE_CURVE_WITH_KNOTS ( 'NONE', 3,
 ( #949, #1293, #211, #671, #1287, #411, #626, #188, #732, #76 ),
 .UNSPECIFIED., .F., .F.,
 ( 4, 2, 2, 2, 4 ),
 ( 0.02718982876209433824, 0.02838986884436517713, 0.02958990892663601602, 0.03078994900890685490, 0.03198998909117769379 ),
 .UNSPECIFIED. ) ;
#445 = ORIENTED_EDGE ( 'NONE', *, *, #113, .F. ) ;
#446 = CYLINDRICAL_SURFACE ( 'NONE', #92, 0.3385826749999999996 ) ;
#447 = CARTESIAN_POINT ( 'NONE',  ( 0.4921197362013065568, 1.268980381722665474, 0.6646432758666194207 ) ) ;
#448 = PLANE ( 'NONE',  #1184 ) ;
#449 = ORIENTED_EDGE ( 'NONE', *, *, #320, .F. ) ;
#450 = CARTESIAN_POINT ( 'NONE',  ( -0.1512841575735483779, 1.313700789999999952, 0.8807160701292142679 ) ) ;
#451 = CARTESIAN_POINT ( 'NONE',  ( 0.000000000000000000, 2.862204730000001085, -0.8415472400000000297 ) ) ;
#452 = ORIENTED_EDGE ( 'NONE', *, *, #454, .F. ) ;
#453 = CARTESIAN_POINT ( 'NONE',  ( -0.3915010065509435533, 1.059097022142259981, -0.7286270511061098132 ) ) ;
#454 = EDGE_CURVE ( 'NONE', #639, #182, #808, .T. ) ;
#455 = DIRECTION ( 'NONE',  ( 0.2167497233656790201, 0.000000000000000000, 0.9762272058393484109 ) ) ;
#456 = CYLINDRICAL_SURFACE ( 'NONE', #670, 0.4316929150000000104 ) ;
#457 = CARTESIAN_POINT ( 'NONE',  ( -0.01433772257800108689, 2.430511814994110065, -0.8415472450030224705 ) ) ;
#458 = FACE_OUTER_BOUND ( 'NONE', #428, .T. ) ;
#459 =( NAMED_UNIT ( * ) PLANE_ANGLE_UNIT ( ) SI_UNIT ( $, .RADIAN. ) );
#460 = CARTESIAN_POINT ( 'NONE',  ( 0.4316929150000000104, 2.862204730000001085, 1.994452759999999492 ) ) ;
#461 = DIRECTION ( 'NONE',  ( 0.000000000000000000, 0.000000000000000000, 1.000000000000000000 ) ) ;
#462 = ADVANCED_FACE ( 'HAF_MOUNT_EAST_COUNTERBORE__P02', ( #1435 ), #120, .F. ) ;
#463 = AXIS2_PLACEMENT_3D ( 'NONE', #1052, #727, #66 ) ;
#464 = FACE_OUTER_BOUND ( 'NONE', #302, .T. ) ;
#465 = CIRCLE ( 'NONE', #1279, 0.1406000000000003358 ) ;
#466 = DIRECTION ( 'NONE',  ( -1.000000000000000000, 0.000000000000000000, 0.000000000000000000 ) ) ;
#467 = DIRECTION ( 'NONE',  ( -0.000000000000000000, 1.000000000000000000, -0.000000000000000000 ) ) ;
#468 = ORIENTED_EDGE ( 'NONE', *, *, #1078, .F. ) ;
#469 = CARTESIAN_POINT ( 'NONE',  ( 0.000000000000000000, 2.862204730000001085, -0.8415472400000000297 ) ) ;
#470 = CARTESIAN_POINT ( 'NONE',  ( -0.1137967865687529861, 3.279612689086522703, 0.8342950978282402952 ) ) ;
#471 = CARTESIAN_POINT ( 'NONE',  ( 0.4316929150000000104, 2.862204730000001085, 0.7223870103385670038 ) ) ;
#472 = CARTESIAN_POINT ( 'NONE',  ( -0.5110236200000000117, 3.385826769999999986, 0.000000000000000000 ) ) ;
#473 = CARTESIAN_POINT ( 'NONE',  ( -0.1792494611873138299, 1.313700789999999952, -0.8073283689865526913 ) ) ;
#474 = ORIENTED_EDGE ( 'NONE', *, *, #544, .F. ) ;
#475 = CARTESIAN_POINT ( 'NONE',  ( 0.5110236200000000117, 3.385826769999999986, 0.000000000000000000 ) ) ;
#476 = CARTESIAN_POINT ( 'NONE',  ( -0.02861854511877338914, 3.293189289032523170, 0.8411831910953533331 ) ) ;
#477 = ORIENTED_EDGE ( 'NONE', *, *, #90, .F. ) ;
#478 = CARTESIAN_POINT ( 'NONE',  ( -0.1637651915650769896, 0.9751181150017345090, -0.8107663106460101243 ) ) ;
#479 = FACE_OUTER_BOUND ( 'NONE', #971, .T. ) ;
#480 = CARTESIAN_POINT ( 'NONE',  ( -0.5110236200000000117, 3.148826769999999442, -0.2265499999999998071 ) ) ;
#481 = EDGE_CURVE ( 'NONE', #11, #494, #1433, .T. ) ;
#482 = PRODUCT_CONTEXT ( 'NONE', #415, 'mechanical' ) ;
#483 = ORIENTED_EDGE ( 'NONE', *, *, #1124, .T. ) ;
#484 = CARTESIAN_POINT ( 'NONE',  ( -0.2011603938722728302, 0.9756784454972218246, -0.8022280477225040007 ) ) ;
#485 = CARTESIAN_POINT ( 'NONE',  ( 0.2649669106095259852, 1.641206823688897254, 0.7837046230468519559 ) ) ;
#486 = CIRCLE ( 'NONE', #694, 0.3385826749999999441 ) ;
#487 = CARTESIAN_POINT ( 'NONE',  ( 0.3872517064876644932, 3.055027343397286543, -0.7472545138900767991 ) ) ;
#488 = VECTOR ( 'NONE', #872, 39.37007874015748143 ) ;
#489 = CARTESIAN_POINT ( 'NONE',  ( -0.2863288537635257369, 2.537947648206186457, -0.7916174762231695805 ) ) ;
#490 = DIRECTION ( 'NONE',  ( 0.000000000000000000, 0.000000000000000000, 1.000000000000000000 ) ) ;
#491 = AXIS2_PLACEMENT_3D ( 'NONE', #304, #840, #1177 ) ;
#492 = DIRECTION ( 'NONE',  ( 0.000000000000000000, 0.000000000000000000, 1.000000000000000000 ) ) ;
#493 = ADVANCED_FACE ( 'HAF_MOUNT_WEST_COUNTERBORE__P01', ( #1224, #236 ), #448, .F. ) ;
#494 = VERTEX_POINT ( 'NONE', #779 ) ;
#495 = CARTESIAN_POINT ( 'NONE',  ( -0.4316929150000000104, 2.862204730000001085, 0.7223870103385670038 ) ) ;
#496 = FACE_BOUND ( 'NONE', #579, .T. ) ;
#497 = CARTESIAN_POINT ( 'NONE',  ( 0.3740617488258862200, 3.079497854039637605, -0.7540392499948341820 ) ) ;
#498 = CARTESIAN_POINT ( 'NONE',  ( 0.000000000000000000, 2.338582677165354617, -0.8415472450000001103 ) ) ;
#499 = CYLINDRICAL_SURFACE ( 'NONE', #1317, 0.2417480299999998916 ) ;
#500 = ORIENTED_EDGE ( 'NONE', *, *, #1223, .F. ) ;
#501 = CARTESIAN_POINT ( 'NONE',  ( -0.05780124357078481739, 3.290255241369400174, -0.8396836718550009238 ) ) ;
#502 = CARTESIAN_POINT ( 'NONE',  ( -0.5110236200000000117, 3.148826769999999442, 0.000000000000000000 ) ) ;
#503 = ADVANCED_FACE ( 'HAF_CRANK_BOSS__P03', ( #228 ), #456, .T. ) ;
#504 = CARTESIAN_POINT ( 'NONE',  ( 0.3246866708340528929, 3.147038895632399580, -0.7764487832327028327 ) ) ;
#505 = CARTESIAN_POINT ( 'NONE',  ( -0.2849710688765461075, 1.634728141455702666, -0.7766142428521143337 ) ) ;
#506 = CARTESIAN_POINT ( 'NONE',  ( 0.000000000000000000, 2.338582677165354617, -0.8269881900000000119 ) ) ;
#507 = VERTEX_POINT ( 'NONE', #711 ) ;
#508 = CARTESIAN_POINT ( 'NONE',  ( -0.4309863254005885658, 2.890784723575360537, -0.7228107093145553774 ) ) ;
#509 = CARTESIAN_POINT ( 'NONE',  ( 0.1136918294223497050, 1.491411644800298086, -0.8191693576774503605 ) ) ;
#510 = EDGE_CURVE ( 'NONE', #908, #197, #782, .T. ) ;
#511 = CARTESIAN_POINT ( 'NONE',  ( 0.000000000000000000, 3.385826767165354578, 0.000000000000000000 ) ) ;
#512 = CARTESIAN_POINT ( 'NONE',  ( -0.4316929150000000104, 2.862204730000001085, -0.8415472400000000297 ) ) ;
#513 = DIRECTION ( 'NONE',  ( 1.000000000000000000, 0.000000000000000000, -0.000000000000000000 ) ) ;
#514 = AXIS2_PLACEMENT_3D ( 'NONE', #615, #952, #714 ) ;
#515 = ORIENTED_EDGE ( 'NONE', *, *, #15, .T. ) ;
#516 = AXIS2_PLACEMENT_3D ( 'NONE', #469, #708, #1133 ) ;
#517 = CARTESIAN_POINT ( 'NONE',  ( -0.3423041760174843073, 3.125606335843613248, -0.7688448012356352557 ) ) ;
#518 = CARTESIAN_POINT ( 'NONE',  ( 1.586579186248502284E-16, 1.600942601710400703, 0.8269881900000000119 ) ) ;
#519 = CARTESIAN_POINT ( 'NONE',  ( -0.4940714270391860508, 1.313700789999999952, -0.6631763652173818802 ) ) ;
#520 = LENGTH_MEASURE_WITH_UNIT ( LENGTH_MEASURE( 0.02539999999999999897 ), #301 );
#521 = ORIENTED_EDGE ( 'NONE', *, *, #652, .T. ) ;
#522 = ORIENTED_EDGE ( 'NONE', *, *, #912, .T. ) ;
#523 = CARTESIAN_POINT ( 'NONE',  ( 0.01239877152242931622, 1.034012331015865538, -0.8269881899999999009 ) ) ;
#524 = CARTESIAN_POINT ( 'NONE',  ( -0.05790183144217507516, 1.557527133990468160, 0.8250225767201930793 ) ) ;
#525 = CARTESIAN_POINT ( 'NONE',  ( 0.1792494611873138022, 0.9751181150000000075, 0.8073283689865526913 ) ) ;
#526 = DIRECTION ( 'NONE',  ( -0.000000000000000000, -0.000000000000000000, -1.000000000000000000 ) ) ;
#527 = EDGE_LOOP ( 'NONE', ( #214, #766, #1437, #359 ) ) ;
#528 = EDGE_CURVE ( 'NONE', #860, #1099, #134, .T. ) ;
#529 = ORIENTED_EDGE ( 'NONE', *, *, #528, .F. ) ;
#530 = CARTESIAN_POINT ( 'NONE',  ( 0.1620746053512893969, 1.256315310668648433, -0.8109533400265035441 ) ) ;
#531 = CARTESIAN_POINT ( 'NONE',  ( -0.1018432409442206199, 1.643435453048115891, -0.8208345676108836919 ) ) ;
#532 = ORIENTED_EDGE ( 'NONE', *, *, #703, .F. ) ;
#533 = ORIENTED_EDGE ( 'NONE', *, *, #1116, .F. ) ;
#534 = AXIS2_PLACEMENT_3D ( 'NONE', #8, #332, #997 ) ;
#535 = EDGE_CURVE ( 'NONE', #1153, #570, #345, .T. ) ;
#536 = CARTESIAN_POINT ( 'NONE',  ( 0.2293811866382259590, 3.228181658326939818, 0.8097734594917455064 ) ) ;
#537 = CIRCLE ( 'NONE', #1319, 0.2265499999999998071 ) ;
#538 = VECTOR ( 'NONE', #274, 39.37007874015748143 ) ;
#539 = CARTESIAN_POINT ( 'NONE',  ( 0.3754423241473373030, 1.045380409383321219, 0.7369055550284641098 ) ) ;
#540 = CYLINDRICAL_SURFACE ( 'NONE', #760, 0.4316929150000000104 ) ;
#541 = VERTEX_POINT ( 'NONE', #826 ) ;
#542 = CARTESIAN_POINT ( 'NONE',  ( 0.3870392599901228414, 3.055510826461543594, 0.7473675811369610011 ) ) ;
#543 = CARTESIAN_POINT ( 'NONE',  ( -0.5110236200000000117, 3.385826769999999986, 0.000000000000000000 ) ) ;
#544 = EDGE_CURVE ( 'NONE', #989, #981, #1065, .T. ) ;
#545 = SURFACE_STYLE_USAGE ( .BOTH. , #1090 ) ;
#546 = ORIENTED_EDGE ( 'NONE', *, *, #798, .F. ) ;
#547 = CARTESIAN_POINT ( 'NONE',  ( 0.5110236200000000117, 3.385826769999999986, 0.000000000000000000 ) ) ;
#548 = CARTESIAN_POINT ( 'NONE',  ( 0.000000000000000000, 2.862204730000001085, 1.994452759999999492 ) ) ;
#549 = FACE_OUTER_BOUND ( 'NONE', #978, .T. ) ;
#550 = ADVANCED_FACE ( 'HAF_BODY__P01', ( #1165 ), #1044, .T. ) ;
#551 = DIRECTION ( 'NONE',  ( 0.000000000000000000, 0.000000000000000000, 1.000000000000000000 ) ) ;
#552 = ORIENTED_EDGE ( 'NONE', *, *, #178, .F. ) ;
#553 = CARTESIAN_POINT ( 'NONE',  ( -0.08848602700706363622, 1.100634290409277405, 0.8224953987565206681 ) ) ;
#554 = ORIENTED_EDGE ( 'NONE', *, *, #746, .T. ) ;
#555 = AXIS2_PLACEMENT_3D ( 'NONE', #802, #58, #65 ) ;
#556 = DIRECTION ( 'NONE',  ( -0.000000000000000000, -1.000000000000000000, -0.000000000000000000 ) ) ;
#557 = AXIS2_PLACEMENT_3D ( 'NONE', #1408, #1187, #52 ) ;
#558 = CARTESIAN_POINT ( 'NONE',  ( 0.4780831919224171056, 1.203830440118683232, 0.6748025924981889689 ) ) ;
#559 = PRODUCT_DEFINITION_FORMATION_WITH_SPECIFIED_SOURCE ( 'ANY', '', #71, .NOT_KNOWN. ) ;
#560 = CARTESIAN_POINT ( 'NONE',  ( 0.07184475568359345587, 2.436293167017062888, 0.8385926669617728146 ) ) ;
#561 = ORIENTED_EDGE ( 'NONE', *, *, #562, .T. ) ;
#562 = EDGE_CURVE ( 'NONE', #1290, #290, #791, .T. ) ;
#563 = CARTESIAN_POINT ( 'NONE',  ( -0.1359233581821907844, 1.173513952276283856, 0.8158797086738379667 ) ) ;
#564 = ORIENTED_EDGE ( 'NONE', *, *, #1169, .T. ) ;
#565 = CARTESIAN_POINT ( 'NONE',  ( 0.4152504650313807444, 1.313700789999999952, 0.7549295503598548729 ) ) ;
#566 = DIRECTION ( 'NONE',  ( -0.000000000000000000, 1.000000000000000000, -0.000000000000000000 ) ) ;
#567 = B_SPLINE_CURVE_WITH_KNOTS ( 'NONE', 3,
 ( #495, #730, #946, #1268, #176, #1291, #48, #391, #1285, #1160, #624, #933, #273, #298, #823, #1175, #184, #940, #736, #1390, #62, #55, #1182, #1062, #716, #602 ),
 .UNSPECIFIED., .F., .F.,
 ( 4, 2, 2, 2, 2, 2, 2, 2, 2, 2, 2, 2, 4 ),
 ( 0.000000000000000000, 0.002182820122463969333, 0.003274230183695932533, 0.004365640244927896166, 0.006548460367391786136, 0.007639870428623714640, 0.008731280489855641411, 0.009822690551087569916, 0.01091410061231949669, 0.01309692073478333114, 0.01418833079601524057, 0.01527974085724714999, 0.01746256097971096016 ),
 .UNSPECIFIED. ) ;
#568 = CARTESIAN_POINT ( 'NONE',  ( 0.2858786444206077304, 2.538434252685433989, 0.7915838080556627521 ) ) ;
#569 = B_SPLINE_CURVE_WITH_KNOTS ( 'NONE', 3,
 ( #200, #309, #1403, #1083, #531, #318, #756, #1306, #856, #642 ),
 .UNSPECIFIED., .F., .F.,
 ( 4, 2, 2, 2, 4 ),
 ( 0.04954870900872970774, 0.05074829155909678369, 0.05194787410946385964, 0.05314745665983094253, 0.05434703921019801848 ),
 .UNSPECIFIED. ) ;
#570 = VERTEX_POINT ( 'NONE', #404 ) ;
#571 = DIRECTION ( 'NONE',  ( 1.000000000000000000, 0.000000000000000000, 0.000000000000000000 ) ) ;
#572 = EDGE_CURVE ( 'NONE', #916, #1259, #991, .T. ) ;
#573 = ORIENTED_EDGE ( 'NONE', *, *, #853, .F. ) ;
#574 = CARTESIAN_POINT ( 'NONE',  ( -0.1619862655481744129, 1.371604824402950840, 0.8109710894426332972 ) ) ;
#575 = CARTESIAN_POINT ( 'NONE',  ( 0.2010189975593736356, 1.652283464999381168, 0.8024949245436504564 ) ) ;
#576 = PLANE ( 'NONE',  #17 ) ;
#577 = CARTESIAN_POINT ( 'NONE',  ( 0.000000000000000000, 3.385826767165354578, 0.000000000000000000 ) ) ;
#578 = DIRECTION ( 'NONE',  ( -0.2167497233656790201, -0.000000000000000000, -0.9762272058393485219 ) ) ;
#579 = EDGE_LOOP ( 'NONE', ( #203, #573 ) ) ;
#580 = CYLINDRICAL_SURFACE ( 'NONE', #401, 0.3385826749999999996 ) ;
#581 = DIRECTION ( 'NONE',  ( -0.000000000000000000, 1.000000000000000000, -0.000000000000000000 ) ) ;
#582 = AXIS2_PLACEMENT_3D ( 'NONE', #442, #883, #1333 ) ;
#583 = AXIS2_PLACEMENT_3D ( 'NONE', #1081, #672, #976 ) ;
#584 = CARTESIAN_POINT ( 'NONE',  ( 0.02898777366315770723, 2.431244831245575000, 0.8411705408550492757 ) ) ;
#585 = CARTESIAN_POINT ( 'NONE',  ( -0.1138526750442558078, 2.444816685880327523, -0.8342851608045778189 ) ) ;
#586 = ORIENTED_EDGE ( 'NONE', *, *, #1022, .T. ) ;
#587 = ORIENTED_EDGE ( 'NONE', *, *, #266, .F. ) ;
#588 = FACE_OUTER_BOUND ( 'NONE', #1007, .T. ) ;
#589 = DIRECTION ( 'NONE',  ( 0.000000000000000000, 0.000000000000000000, 1.000000000000000000 ) ) ;
#590 = EDGE_CURVE ( 'NONE', #724, #775, #305, .T. ) ;
#591 = CARTESIAN_POINT ( 'NONE',  ( 0.4317076392959881548, 2.848270934665845022, -0.7223782112191701188 ) ) ;
#592 = DIRECTION ( 'NONE',  ( -0.000000000000000000, 1.000000000000000000, -0.000000000000000000 ) ) ;
#593 = LINE ( 'NONE', #921, #874 ) ;
#594 = VERTEX_POINT ( 'NONE', #739 ) ;
#595 = CARTESIAN_POINT ( 'NONE',  ( -0.4785867362282305582, 1.203820113908741885, -0.6744981447851501333 ) ) ;
#596 = CARTESIAN_POINT ( 'NONE',  ( -0.2854497858794329268, 3.186351928752093610, 0.7917383039327141603 ) ) ;
#597 = CARTESIAN_POINT ( 'NONE',  ( 0.09952870690722769031, 3.282509691465315349, -0.8357591187735146088 ) ) ;
#598 = ADVANCED_FACE ( 'HAF_CONE_BOSS__P03', ( #994 ), #446, .T. ) ;
#599 = CARTESIAN_POINT ( 'NONE',  ( 0.000000000000000000, 3.385826767165354578, -0.8415472450000001103 ) ) ;
#600 = DIRECTION ( 'NONE',  ( 0.000000000000000000, 1.000000000000000000, 0.000000000000000000 ) ) ;
#601 = ORIENTED_EDGE ( 'NONE', *, *, #999, .F. ) ;
#602 = CARTESIAN_POINT ( 'NONE',  ( 8.703719947852303668E-16, 2.430511814999990250, 0.8415472450000055504 ) ) ;
#603 = DIRECTION ( 'NONE',  ( 0.000000000000000000, 0.000000000000000000, 1.000000000000000000 ) ) ;
#604 = CIRCLE ( 'NONE', #1277, 0.3385826749999999441 ) ;
#605 = CARTESIAN_POINT ( 'NONE',  ( 0.2641671714067804766, 3.203918139822332645, -0.7990909208862381208 ) ) ;
#606 = AXIS2_PLACEMENT_3D ( 'NONE', #152, #1256, #1154 ) ;
#607 = CYLINDRICAL_SURFACE ( 'NONE', #721, 0.2265499999999998071 ) ;
#608 = DIRECTION ( 'NONE',  ( 0.2167497233656790201, -0.000000000000000000, 0.9762272058393485219 ) ) ;
#609 = EDGE_LOOP ( 'NONE', ( #1091, #413, #892 ) ) ;
#610 = EDGE_CURVE ( 'NONE', #1320, #380, #857, .T. ) ;
#611 = CARTESIAN_POINT ( 'NONE',  ( -0.1412561238557838161, 3.271102262886530720, -0.8300295648352326028 ) ) ;
#612 = CARTESIAN_POINT ( 'NONE',  ( 0.1629386559784277433, 1.371741600471939160, -0.8108166369583701405 ) ) ;
#613 = CARTESIAN_POINT ( 'NONE',  ( -0.05602934256442845817, 0.9971488855084007508, -0.8256593894769984621 ) ) ;
#614 = CARTESIAN_POINT ( 'NONE',  ( -0.4316929150000000104, 2.862204730000001085, -0.7223870103385671149 ) ) ;
#615 = CARTESIAN_POINT ( 'NONE',  ( 0.000000000000000000, 2.862204730000001085, -0.8415472400000000297 ) ) ;
#616 = VERTEX_POINT ( 'NONE', #337 ) ;
#617 = CARTESIAN_POINT ( 'NONE',  ( -0.3246231531345061816, 3.147112369997621784, -0.7764755538682999170 ) ) ;
#618 = EDGE_CURVE ( 'NONE', #45, #594, #109, .T. ) ;
#619 = CARTESIAN_POINT ( 'NONE',  ( -0.4172968629429497645, 2.976392831911908399, 0.7308273772239716193 ) ) ;
#620 = CARTESIAN_POINT ( 'NONE',  ( 0.2856224579755080040, 3.186198804639482240, -0.7916756948346366229 ) ) ;
#621 = CARTESIAN_POINT ( 'NONE',  ( -0.4935897344282901278, 1.335989939302602680, -0.6635360683137316862 ) ) ;
#622 = CARTESIAN_POINT ( 'NONE',  ( 0.2251574803149607173, 2.862204730000001085, 1.994452759999999492 ) ) ;
#623 = ORIENTED_EDGE ( 'NONE', *, *, #544, .T. ) ;
#624 = CARTESIAN_POINT ( 'NONE',  ( -0.3420398297496937134, 2.598461833992617542, 0.7689622462261462843 ) ) ;
#625 = CARTESIAN_POINT ( 'NONE',  ( 0.1463208076800262825, 1.427328702855651166, -0.8139615410407129437 ) ) ;
#626 = CARTESIAN_POINT ( 'NONE',  ( 0.05676900227803804988, 1.629373217740526680, 0.8251659082499254172 ) ) ;
#627 = CARTESIAN_POINT ( 'NONE',  ( -0.3910383779489787215, 1.568762589422227238, -0.7288784537254309193 ) ) ;
#628 = PLANE ( 'NONE',  #1392 ) ;
#629 = AXIS2_PLACEMENT_3D ( 'NONE', #1265, #592, #138 ) ;
#630 = ORIENTED_EDGE ( 'NONE', *, *, #1385, .F. ) ;
#631 = AXIS2_PLACEMENT_3D ( 'NONE', #386, #581, #816 ) ;
#632 = CARTESIAN_POINT ( 'NONE',  ( -0.3926907851099940561, 3.042074026152664423, -0.7443347622410995124 ) ) ;
#633 = CARTESIAN_POINT ( 'NONE',  ( 0.1591418075387302233, 1.242199127374866707, -0.8115411345963905454 ) ) ;
#634 = CARTESIAN_POINT ( 'NONE',  ( -0.02421437826367543733, 1.585178150910637518, 0.8267119581529297490 ) ) ;
#635 = ADVANCED_FACE ( 'HAF_MOUNT_WEST__P01', ( #434 ), #841, .F. ) ;
#636 = CARTESIAN_POINT ( 'NONE',  ( -0.4629322966562829933, 1.464418413225943238, -0.6852990037912267685 ) ) ;
#637 = DIRECTION ( 'NONE',  ( 1.000000000000000000, 0.000000000000000000, -0.000000000000000000 ) ) ;
#638 = B_SPLINE_CURVE_WITH_KNOTS ( 'NONE', 3,
 ( #429, #1222, #339, #755, #880, #1103, #317, #895, #770, #1088, #539, #7, #1337, #212, #1432, #1112, #436, #119, #558, #1324, #1231, #447, #888, #785, #679, #98, #980, #1215, #217, #235, #996, #777, #224, #1004, #1419, #1378, #1135, #1034, #144, #794, #485, #265, #575, #902 ),
 .UNSPECIFIED., .F., .F.,
 ( 4, 2, 2, 2, 2, 2, 2, 2, 2, 2, 2, 2, 2, 2, 2, 2, 2, 2, 2, 2, 2, 4 ),
 ( 8.673617379884035472E-19, 0.001699364297630925631, 0.002549046446446385627, 0.003398728595261846057, 0.005098092892892768652, 0.005947775041708225179, 0.006797457190523680838, 0.008496821488154587820, 0.01019618578578549220, 0.01104586793460094959, 0.01189555008341641046, 0.01359491438104730790, 0.01444459652986275836, 0.01529427867867820881, 0.01699364297630908890, 0.01869300727393996553, 0.02039237157157084562, 0.02209173586920172572, 0.02294141801801716576, 0.02379110016683260234, 0.02549046446446346856, 0.02718982876209433824 ),
 .UNSPECIFIED. ) ;
#639 = VERTEX_POINT ( 'NONE', #657 ) ;
#640 = CARTESIAN_POINT ( 'NONE',  ( 0.1348790452351878999, 1.453897107024231472, -0.8159355441515903085 ) ) ;
#641 = PRODUCT_DEFINITION_SHAPE ( 'NONE', 'NONE',  #13 ) ;
#642 = CARTESIAN_POINT ( 'NONE',  ( -7.153640733865237428E-17, 1.600942601710400703, -0.8269881900000000119 ) ) ;
#643 = ADVANCED_FACE ( 'HAF_CONE_BOSS__P01', ( #1208 ), #663, .T. ) ;
#644 = EDGE_LOOP ( 'NONE', ( #1284, #1077 ) ) ;
#645 = ORIENTED_EDGE ( 'NONE', *, *, #422, .T. ) ;
#646 = CARTESIAN_POINT ( 'NONE',  ( 0.1792494611873138299, 1.313700789999999952, 0.8073283689865526913 ) ) ;
#647 = CARTESIAN_POINT ( 'NONE',  ( 0.000000000000000000, 2.862204730000001085, -0.8415472400000000297 ) ) ;
#648 = ORIENTED_EDGE ( 'NONE', *, *, #407, .F. ) ;
#649 = CIRCLE ( 'NONE', #1132, 0.8415472450000001103 ) ;
#650 = DIRECTION ( 'NONE',  ( 0.2167497233656790756, 0.000000000000000000, 0.9762272058393485219 ) ) ;
#651 = AXIS2_PLACEMENT_3D ( 'NONE', #548, #848, #1111 ) ;
#652 = EDGE_CURVE ( 'NONE', #757, #333, #444, .T. ) ;
#653 = DIRECTION ( 'NONE',  ( -0.000000000000000000, 1.000000000000000000, -0.000000000000000000 ) ) ;
#654 = SURFACE_STYLE_FILL_AREA ( #1068 ) ;
#655 = ORIENTED_EDGE ( 'NONE', *, *, #590, .F. ) ;
#656 = CARTESIAN_POINT ( 'NONE',  ( 0.4316929149999998994, 2.890833406727596255, 0.7223870103385670038 ) ) ;
#657 = CARTESIAN_POINT ( 'NONE',  ( 0.2251574803149607173, 2.862204730000001085, -0.8415472400000000297 ) ) ;
#658 = EDGE_CURVE ( 'NONE', #333, #541, #275, .T. ) ;
#659 = CARTESIAN_POINT ( 'NONE',  ( 1.012768439816163211E-16, 3.385826769999999986, 0.8269881900000000119 ) ) ;
#660 = CARTESIAN_POINT ( 'NONE',  ( 0.000000000000000000, 2.862204730000001085, -0.8415472400000000297 ) ) ;
#661 = FACE_BOUND ( 'NONE', #352, .T. ) ;
#662 = EDGE_LOOP ( 'NONE', ( #139, #700 ) ) ;
#663 = CYLINDRICAL_SURFACE ( 'NONE', #206, 0.3385826749999999996 ) ;
#664 = DIRECTION ( 'NONE',  ( 0.000000000000000000, 0.000000000000000000, 1.000000000000000000 ) ) ;
#665 = CARTESIAN_POINT ( 'NONE',  ( 0.3874640237876479376, 2.669815934775946697, 0.7471436465136934713 ) ) ;
#666 = ORIENTED_EDGE ( 'NONE', *, *, #1367, .F. ) ;
#667 = CARTESIAN_POINT ( 'NONE',  ( -0.5110236200000000117, 3.385826769999999986, 0.000000000000000000 ) ) ;
#668 = CARTESIAN_POINT ( 'NONE',  ( 0.2172317422049758473, 3.235523683139263973, 0.8131267613730958077 ) ) ;
#669 = ORIENTED_EDGE ( 'NONE', *, *, #187, .F. ) ;
#670 = AXIS2_PLACEMENT_3D ( 'NONE', #1233, #1247, #1058 ) ;
#671 = CARTESIAN_POINT ( 'NONE',  ( 0.1171239949657879725, 1.646727616904676728, 0.8188052856784867606 ) ) ;
#672 = DIRECTION ( 'NONE',  ( 0.2167497233656790201, 0.000000000000000000, 0.9762272058393484109 ) ) ;
#673 = AXIS2_PLACEMENT_3D ( 'NONE', #423, #1313, #761 ) ;
#674 = CARTESIAN_POINT ( 'NONE',  ( 0.1136130548992504569, 2.445486368209625283, 0.8339567519581223554 ) ) ;
#675 = ADVANCED_FACE ( 'HAF_CRANK_BORE__P01', ( #38 ), #30, .F. ) ;
#676 = CARTESIAN_POINT ( 'NONE',  ( 0.1792494611873138299, 1.313700789999999952, 0.8073283689865526913 ) ) ;
#677 = ORIENTED_EDGE ( 'NONE', *, *, #572, .T. ) ;
#678 = CARTESIAN_POINT ( 'NONE',  ( 0.1792494611873138299, 1.313700789999999952, 0.8073283689865526913 ) ) ;
#679 = CARTESIAN_POINT ( 'NONE',  ( 0.4935922591243414592, 1.335974207771402300, 0.6635342037710063590 ) ) ;
#680 = DIRECTION ( 'NONE',  ( 0.2167497233656790201, 0.000000000000000000, 0.9762272058393484109 ) ) ;
#681 = CARTESIAN_POINT ( 'NONE',  ( 0.1792494611873138299, 1.313700789999999952, 0.8073283689865526913 ) ) ;
#682 = DIRECTION ( 'NONE',  ( -0.000000000000000000, 1.000000000000000000, -0.000000000000000000 ) ) ;
#683 = ORIENTED_EDGE ( 'NONE', *, *, #90, .T. ) ;
#684 = CARTESIAN_POINT ( 'NONE',  ( 0.5110236200000000117, 0.000000000000000000, -0.1405999999999991701 ) ) ;
#685 = CARTESIAN_POINT ( 'NONE',  ( -0.5110236200000000117, 3.385826769999999986, -0.2265499999999998071 ) ) ;
#686 = DIRECTION ( 'NONE',  ( 0.000000000000000000, 1.000000000000000000, 0.000000000000000000 ) ) ;
#687 = CARTESIAN_POINT ( 'NONE',  ( -0.4259947668916520547, 2.790824834734113580, -0.7257693432170381209 ) ) ;
#688 = CYLINDRICAL_SURFACE ( 'NONE', #1159, 0.3385826749999999996 ) ;
#689 = VERTEX_POINT ( 'NONE', #565 ) ;
#690 = CIRCLE ( 'NONE', #68, 0.2417480299999998916 ) ;
#691 = CARTESIAN_POINT ( 'NONE',  ( -0.1792494611873138022, 0.9751181150000000075, -0.8073283689865526913 ) ) ;
#692 = EDGE_CURVE ( 'NONE', #1259, #748, #12, .T. ) ;
#693 = DIRECTION ( 'NONE',  ( 0.9762272058393485219, 0.000000000000000000, -0.2167497233656788536 ) ) ;
#694 = AXIS2_PLACEMENT_3D ( 'NONE', #87, #969, #868 ) ;
#695 = AXIS2_PLACEMENT_3D ( 'NONE', #681, #1340, #812 ) ;
#696 = CARTESIAN_POINT ( 'NONE',  ( 0.2528906583418991660, 3.212350611256203692, -0.8027426262298444914 ) ) ;
#697 = CIRCLE ( 'NONE', #837, 0.2251574803149607173 ) ;
#698 = CARTESIAN_POINT ( 'NONE',  ( -0.4316929150000000104, 2.862204730000001085, -0.7223870103385671149 ) ) ;
#699 = DIRECTION ( 'NONE',  ( -0.2167497233656790201, -0.000000000000000000, -0.9762272058393485219 ) ) ;
#700 = ORIENTED_EDGE ( 'NONE', *, *, #1214, .F. ) ;
#701 = CARTESIAN_POINT ( 'NONE',  ( -0.4196568009053016635, 1.090098187238516481, -0.7127822859667011235 ) ) ;
#702 = DIRECTION ( 'NONE',  ( -0.000000000000000000, 1.000000000000000000, -0.000000000000000000 ) ) ;
#703 = EDGE_CURVE ( 'NONE', #1099, #426, #1013, .T. ) ;
#704 = CARTESIAN_POINT ( 'NONE',  ( -0.1173879821933357798, 0.9806319694830650802, -0.8187641109522676430 ) ) ;
#705 = FACE_OUTER_BOUND ( 'NONE', #753, .T. ) ;
#706 = CARTESIAN_POINT ( 'NONE',  ( -0.2251574803149607173, 2.862204730000001085, -0.8415472400000000297 ) ) ;
#707 = EDGE_LOOP ( 'NONE', ( #773, #1295, #105 ) ) ;
#708 = DIRECTION ( 'NONE',  ( 0.000000000000000000, 0.000000000000000000, 1.000000000000000000 ) ) ;
#709 = CARTESIAN_POINT ( 'NONE',  ( -0.5110236200000000117, 0.000000000000000000, 0.000000000000000000 ) ) ;
#710 = ORIENTED_EDGE ( 'NONE', *, *, #441, .T. ) ;
#711 = CARTESIAN_POINT ( 'NONE',  ( 0.5110236200000000117, 3.148826769999999442, 0.1406000000000002803 ) ) ;
#712 = ADVANCED_FACE ( 'HAF_CONE_BOSS__P03', ( #234 ), #580, .T. ) ;
#713 = CYLINDRICAL_SURFACE ( 'NONE', #1202, 0.8269881900000000119 ) ;
#714 = DIRECTION ( 'NONE',  ( 1.000000000000000000, 0.000000000000000000, 0.000000000000000000 ) ) ;
#715 = ORIENTED_EDGE ( 'NONE', *, *, #975, .F. ) ;
#716 = CARTESIAN_POINT ( 'NONE',  ( -0.02882385433217878046, 2.430511815000001796, 0.8415472450000004434 ) ) ;
#717 = CARTESIAN_POINT ( 'NONE',  ( 0.4316929150000000104, 2.862204730000001085, 1.994452759999999492 ) ) ;
#718 = CIRCLE ( 'NONE', #1316, 0.2265499999999998071 ) ;
#719 = CIRCLE ( 'NONE', #420, 0.2265499999999998071 ) ;
#720 = CARTESIAN_POINT ( 'NONE',  ( 0.4167547221754340225, 2.975687074742782823, -0.7311228026394099855 ) ) ;
#721 = AXIS2_PLACEMENT_3D ( 'NONE', #472, #1355, #1156 ) ;
#722 = CARTESIAN_POINT ( 'NONE',  ( -0.4843237479768979226, 1.402437087231179769, -0.6703455828665918492 ) ) ;
#723 = LINE ( 'NONE', #53, #1018 ) ;
#724 = VERTEX_POINT ( 'NONE', #684 ) ;
#725 = CARTESIAN_POINT ( 'NONE',  ( -0.4281246698030295450, 2.919434930254031002, -0.7245093521053813657 ) ) ;
#726 = CARTESIAN_POINT ( 'NONE',  ( 0.4203086428545161346, 2.961717950354589401, -0.7290768820750269663 ) ) ;
#727 = DIRECTION ( 'NONE',  ( 0.000000000000000000, 1.000000000000000000, 0.000000000000000000 ) ) ;
#728 = CARTESIAN_POINT ( 'NONE',  ( -0.2251574803149607173, 2.862204730000001085, 1.994452759999999492 ) ) ;
#729 = VERTEX_POINT ( 'NONE', #1033 ) ;
#730 = CARTESIAN_POINT ( 'NONE',  ( -0.4316929150000001214, 2.833094973318493359, 0.7223870103385671149 ) ) ;
#731 = DIRECTION ( 'NONE',  ( 0.000000000000000000, -1.000000000000000000, 0.000000000000000000 ) ) ;
#732 = CARTESIAN_POINT ( 'NONE',  ( 0.01349697156644229061, 1.609164979773687110, 0.8269881900000002339 ) ) ;
#733 = CARTESIAN_POINT ( 'NONE',  ( -0.2648973342259655084, 1.641210248388792259, -0.7837216313688840641 ) ) ;
#734 = DIRECTION ( 'NONE',  ( 0.000000000000000000, 0.000000000000000000, 1.000000000000000000 ) ) ;
#735 = ORIENTED_EDGE ( 'NONE', *, *, #307, .T. ) ;
#736 = CARTESIAN_POINT ( 'NONE',  ( -0.1929773944304038480, 2.475021185552205960, 0.8195505392214956775 ) ) ;
#737 = CARTESIAN_POINT ( 'NONE',  ( -0.3427948770360166320, 3.126063710055532852, 0.7687564722886169877 ) ) ;
#738 = ADVANCED_FACE ( 'HAF_HEAD__P01', ( #242 ), #815, .T. ) ;
#739 = CARTESIAN_POINT ( 'NONE',  ( 1.030598139920523558E-16, 2.338582677165354617, 0.8415472450000001103 ) ) ;
#740 = CARTESIAN_POINT ( 'NONE',  ( -0.2334725553499482631, 1.647814975939462911, -0.7934230989748503049 ) ) ;
#741 = CARTESIAN_POINT ( 'NONE',  ( 0.5110236200000000117, 3.148826769999999442, 0.2265499999999998071 ) ) ;
#742 = AXIS2_PLACEMENT_3D ( 'NONE', #278, #957, #167 ) ;
#743 = ORIENTED_EDGE ( 'NONE', *, *, #122, .F. ) ;
#744 = AXIS2_PLACEMENT_3D ( 'NONE', #1309, #455, #331 ) ;
#745 = CARTESIAN_POINT ( 'NONE',  ( -0.4316929149999998439, 2.876716020365312598, 0.7223870103385672259 ) ) ;
#746 = EDGE_CURVE ( 'NONE', #290, #1290, #1415, .T. ) ;
#747 = CARTESIAN_POINT ( 'NONE',  ( -0.4123379956406980629, 1.545386583160079486, -0.7169052799946131760 ) ) ;
#748 = VERTEX_POINT ( 'NONE', #909 ) ;
#749 = ORIENTED_EDGE ( 'NONE', *, *, #1022, .F. ) ;
#750 = FACE_OUTER_BOUND ( 'NONE', #852, .T. ) ;
#751 = FACE_OUTER_BOUND ( 'NONE', #1429, .T. ) ;
#752 = EDGE_CURVE ( 'NONE', #175, #209, #1134, .T. ) ;
#753 = EDGE_LOOP ( 'NONE', ( #94, #1142, #233, #1423 ) ) ;
#754 = FACE_OUTER_BOUND ( 'NONE', #838, .T. ) ;
#755 = CARTESIAN_POINT ( 'NONE',  ( 0.2542057057426344580, 0.9839370827200718539, 0.7870252002094679789 ) ) ;
#756 = CARTESIAN_POINT ( 'NONE',  ( -0.05674834016511354218, 1.629360872006283101, -0.8251658843452477354 ) ) ;
#757 = VERTEX_POINT ( 'NONE', #143 ) ;
#758 = ADVANCED_FACE ( 'HAF_MOUNT_EAST_COUNTERBORE__P02', ( #588 ), #1027, .F. ) ;
#759 = ORIENTED_EDGE ( 'NONE', *, *, #239, .T. ) ;
#760 = AXIS2_PLACEMENT_3D ( 'NONE', #1188, #83, #1318 ) ;
#761 = DIRECTION ( 'NONE',  ( 0.000000000000000000, 0.000000000000000000, 1.000000000000000000 ) ) ;
#762 = VECTOR ( 'NONE', #1257, 39.37007874015748143 ) ;
#763 = CARTESIAN_POINT ( 'NONE',  ( 0.2643690266487157547, 2.519768132336350330, -0.7993165649257841787 ) ) ;
#764 = CARTESIAN_POINT ( 'NONE',  ( -0.4152504650313807444, 1.313700789999999952, -0.7549295503598548729 ) ) ;
#765 = CARTESIAN_POINT ( 'NONE',  ( -0.4940714270391860508, 1.313700789999999952, -0.6631763652173818802 ) ) ;
#766 = ORIENTED_EDGE ( 'NONE', *, *, #1155, .T. ) ;
#767 = B_SPLINE_CURVE_WITH_KNOTS ( 'NONE', 3,
 ( #830, #1399, #508, #725, #72, #164, #402, #632, #1275, #839, #284, #1377, #517, #617, #954, #409, #846, #1170, #170, #611, #157, #1049, #501, #1383, #1055, #1148 ),
 .UNSPECIFIED., .F., .F.,
 ( 4, 2, 2, 2, 2, 2, 2, 2, 2, 2, 2, 2, 4 ),
 ( 0.05235255837880672253, 0.05344071407268331797, 0.05452886976655990647, 0.05670518115431309736, 0.05779333684818971362, 0.05888149254206632294, 0.05996964823594293920, 0.06105780392981954852, 0.06323411531757278103, 0.06541042670532599967, 0.06758673809307921831, 0.06867489378695583457, 0.06976304948083245083 ),
 .UNSPECIFIED. ) ;
#768 = CARTESIAN_POINT ( 'NONE',  ( 0.4090430391599782500, 3.003096276295972089, 0.7355552203764053054 ) ) ;
#769 = DIRECTION ( 'NONE',  ( -0.000000000000000000, 1.000000000000000000, -0.000000000000000000 ) ) ;
#770 = CARTESIAN_POINT ( 'NONE',  ( 0.3418017034107548868, 1.020293593842796831, 0.7532827149127589994 ) ) ;
#771 = CARTESIAN_POINT ( 'NONE',  ( 0.000000000000000000, 2.338582677165354617, 0.000000000000000000 ) ) ;
#772 = ORIENTED_EDGE ( 'NONE', *, *, #15, .F. ) ;
#773 = ORIENTED_EDGE ( 'NONE', *, *, #817, .T. ) ;
#774 = FACE_OUTER_BOUND ( 'NONE', #799, .T. ) ;
#775 = VERTEX_POINT ( 'NONE', #806 ) ;
#776 = DIRECTION ( 'NONE',  ( -0.9762272058393485219, 0.000000000000000000, 0.2167497233656787980 ) ) ;
#777 = CARTESIAN_POINT ( 'NONE',  ( 0.4321034879983600696, 1.520520360452144892, 0.7052409962667710586 ) ) ;
#778 = EDGE_CURVE ( 'NONE', #257, #616, #537, .T. ) ;
#779 = CARTESIAN_POINT ( 'NONE',  ( 1.012768439816163211E-16, 0.000000000000000000, 0.8269881900000000119 ) ) ;
#780 = LINE ( 'NONE', #1249, #91 ) ;
#781 = ORIENTED_EDGE ( 'NONE', *, *, #934, .T. ) ;
#782 = CIRCLE ( 'NONE', #555, 0.8269881900000000119 ) ;
#783 = DIRECTION ( 'NONE',  ( -0.2167497233656790201, -0.000000000000000000, -0.9762272058393485219 ) ) ;
#784 = AXIS2_PLACEMENT_3D ( 'NONE', #577, #269, #128 ) ;
#785 = CARTESIAN_POINT ( 'NONE',  ( 0.4940775737751190166, 1.324671621396506849, 0.6631717858533037191 ) ) ;
#786 = EDGE_CURVE ( 'NONE', #88, #45, #567, .T. ) ;
#787 = DIRECTION ( 'NONE',  ( 0.000000000000000000, -0.000000000000000000, -1.000000000000000000 ) ) ;
#788 = EDGE_CURVE ( 'NONE', #1008, #1290, #767, .T. ) ;
#789 = CARTESIAN_POINT ( 'NONE',  ( 1.012768439816163211E-16, 2.338582677165354617, 0.8269881900000000119 ) ) ;
#790 = DIRECTION ( 'NONE',  ( 0.000000000000000000, 0.000000000000000000, 1.000000000000000000 ) ) ;
#791 = B_SPLINE_CURVE_WITH_KNOTS ( 'NONE', 3,
 ( #276, #1051, #159, #597, #1280, #919, #33, #252, #381, #696, #605, #620, #811, #1036, #504, #41, #942, #497, #487, #362, #287, #720, #726, #1139, #146, #591, #1363, #929, #1171, #51, #819, #166, #260, #1386, #172, #1373, #1264, #1379, #179, #1323, #763, #1394, #294, #330, #1221, #118, #1186, #322, #1314, #1102 ),
 .UNSPECIFIED., .F., .F.,
 ( 4, 2, 2, 2, 2, 2, 2, 2, 2, 2, 2, 2, 2, 2, 2, 2, 2, 2, 2, 2, 2, 2, 2, 2, 4 ),
 ( 9.958934869876942747E-12, 0.002182185125428684480, 0.003273277683163559795, 0.004364370240898435976, 0.006546555356368188340, 0.007637647914103064956, 0.008728740471837942438, 0.009819833029572818187, 0.01091092558730769567, 0.01309311070277745237, 0.01418420326051233332, 0.01527529581824721081, 0.01745748093371696577, 0.01854857349145184325, 0.01963966604918671380, 0.02073075860692159128, 0.02182185116465646876, 0.02400403628012621679, 0.02509512883786109774, 0.02618622139559597176, 0.02836840651106573019, 0.03055059162653548169, 0.03164168418427035917, 0.03273277674200523318, 0.03491496185747497427 ),
 .UNSPECIFIED. ) ;
#792 = ORIENTED_EDGE ( 'NONE', *, *, #1214, .T. ) ;
#793 = CARTESIAN_POINT ( 'NONE',  ( -0.4901881411833167168, 1.258051401211143228, -0.6660562310104967132 ) ) ;
#794 = CARTESIAN_POINT ( 'NONE',  ( 0.2850791569649808732, 1.634681497887855439, 0.7765719023389260345 ) ) ;
#795 = CARTESIAN_POINT ( 'NONE',  ( 0.2961301498681643274, 2.547789247994657114, 0.7877934374398708472 ) ) ;
#796 = CARTESIAN_POINT ( 'NONE',  ( -0.02876700607377342608, 2.431227120049785917, -0.8411796096577539572 ) ) ;
#797 = DIRECTION ( 'NONE',  ( -0.9762272058393485219, 0.000000000000000000, 0.2167497233656787980 ) ) ;
#798 = EDGE_CURVE ( 'NONE', #1439, #1181, #1030, .T. ) ;
#799 = EDGE_LOOP ( 'NONE', ( #522, #315, #1079, #1404 ) ) ;
#800 = CARTESIAN_POINT ( 'NONE',  ( -0.4486515010896827693, 1.134369174828355087, -0.6947400160922082568 ) ) ;
#801 = CARTESIAN_POINT ( 'NONE',  ( 0.5110236200000000117, 3.385826769999999986, 0.2265499999999998071 ) ) ;
#802 = CARTESIAN_POINT ( 'NONE',  ( 0.000000000000000000, 2.338582677165354617, 0.000000000000000000 ) ) ;
#803 = DIRECTION ( 'NONE',  ( -0.000000000000000000, 1.000000000000000000, -0.000000000000000000 ) ) ;
#804 = LINE ( 'NONE', #450, #900 ) ;
#805 = ORIENTED_EDGE ( 'NONE', *, *, #1420, .F. ) ;
#806 = CARTESIAN_POINT ( 'NONE',  ( 0.5110236200000000117, 0.000000000000000000, 0.1405999999999991701 ) ) ;
#807 = CARTESIAN_POINT ( 'NONE',  ( -0.2528044347109255074, 3.212408279764642050, 0.8027682816500831819 ) ) ;
#808 = CIRCLE ( 'NONE', #875, 0.2251574803149607173 ) ;
#809 = AXIS2_PLACEMENT_3D ( 'NONE', #81, #878, #1401 ) ;
#810 = VECTOR ( 'NONE', #1430, 39.37007874015748143 ) ;
#811 = CARTESIAN_POINT ( 'NONE',  ( 0.2958602284713601760, 3.176873949905585803, -0.7878948898577983195 ) ) ;
#812 = DIRECTION ( 'NONE',  ( 0.9762272058393485219, 0.000000000000000000, -0.2167497233656787980 ) ) ;
#813 = LINE ( 'NONE', #622, #1339 ) ;
#814 = ORIENTED_EDGE ( 'NONE', *, *, #1297, .F. ) ;
#815 = CYLINDRICAL_SURFACE ( 'NONE', #1393, 0.8415472450000001103 ) ;
#816 = DIRECTION ( 'NONE',  ( 0.000000000000000000, 0.000000000000000000, 1.000000000000000000 ) ) ;
#817 = EDGE_CURVE ( 'NONE', #290, #1008, #1428, .T. ) ;
#818 = ORIENTED_EDGE ( 'NONE', *, *, #338, .F. ) ;
#819 = CARTESIAN_POINT ( 'NONE',  ( 0.4168397543079857548, 2.749041721460166343, -0.7310741213243712178 ) ) ;
#820 = CARTESIAN_POINT ( 'NONE',  ( -0.4281414166408256672, 2.805117899315919594, -0.7244994305867399342 ) ) ;
#821 = DIRECTION ( 'NONE',  ( 0.000000000000000000, -0.000000000000000000, 1.000000000000000000 ) ) ;
#822 = EDGE_LOOP ( 'NONE', ( #851, #432, #1092, #449, #1035, #532, #529, #1197, #149, #965, #630, #966 ) ) ;
#823 = CARTESIAN_POINT ( 'NONE',  ( -0.2852657604783783163, 2.537895557948896652, 0.7918046933078920491 ) ) ;
#824 = CARTESIAN_POINT ( 'NONE',  ( 1.030614912569455702E-16, 3.293897645000000818, 0.8415472450000001103 ) ) ;
#825 = ADVANCED_FACE ( 'HAF_MOUNT_EAST__P01', ( #705 ), #1037, .F. ) ;
#826 = CARTESIAN_POINT ( 'NONE',  ( -0.1669958104825383927, 1.313700789999999952, 0.8099517675027052555 ) ) ;
#827 = CARTESIAN_POINT ( 'NONE',  ( 0.1479081649777508611, 0.9762646636777680964, 0.8138042966317630134 ) ) ;
#828 = CARTESIAN_POINT ( 'NONE',  ( -0.1792494611873138299, 1.313700789999999952, -0.8073283689865526913 ) ) ;
#829 = ORIENTED_EDGE ( 'NONE', *, *, #47, .F. ) ;
#830 = CARTESIAN_POINT ( 'NONE',  ( -0.4316929150000000104, 2.862204730000001085, -0.7223870103385671149 ) ) ;
#831 = CARTESIAN_POINT ( 'NONE',  ( -0.4152504650313807444, 1.313700789999999952, -0.7549295503598548729 ) ) ;
#832 = VECTOR ( 'NONE', #1157, 39.37007874015748143 ) ;
#833 = CARTESIAN_POINT ( 'NONE',  ( -0.1482953256017984778, 0.9762271814876305465, -0.8137340500136004406 ) ) ;
#834 = CIRCLE ( 'NONE', #227, 0.1406000000000003358 ) ;
#835 = CARTESIAN_POINT ( 'NONE',  ( -0.3755542080172127872, 1.582626149819532646, -0.7370328294424927096 ) ) ;
#836 = DIRECTION ( 'NONE',  ( 0.000000000000000000, 0.000000000000000000, -1.000000000000000000 ) ) ;
#837 = AXIS2_PLACEMENT_3D ( 'NONE', #14, #1152, #1011 ) ;
#838 = EDGE_LOOP ( 'NONE', ( #655, #1150, #1146, #1229 ) ) ;
#839 = CARTESIAN_POINT ( 'NONE',  ( -0.3732698104199886902, 3.079516545727877030, -0.7542724464631447301 ) ) ;
#840 = DIRECTION ( 'NONE',  ( -0.2167497233656790201, -0.000000000000000000, -0.9762272058393485219 ) ) ;
#841 = CYLINDRICAL_SURFACE ( 'NONE', #809, 0.1405999999999997530 ) ;
#842 = CARTESIAN_POINT ( 'NONE',  ( 0.1170205268489017819, 0.9807024696933679397, 0.8188164964016111380 ) ) ;
#843 = CARTESIAN_POINT ( 'NONE',  ( 0.000000000000000000, 2.862204730000001085, 1.994452759999999492 ) ) ;
#844 = ORIENTED_EDGE ( 'NONE', *, *, #1138, .T. ) ;
#845 = EDGE_CURVE ( 'NONE', #570, #1153, #1434, .T. ) ;
#846 = CARTESIAN_POINT ( 'NONE',  ( -0.2644525516528286047, 3.204548975489610374, -0.7992795681600569635 ) ) ;
#847 = CARTESIAN_POINT ( 'NONE',  ( 0.05793557982697309511, 1.069911181706364900, -0.8250193607818264718 ) ) ;
#848 = DIRECTION ( 'NONE',  ( 0.000000000000000000, 0.000000000000000000, 1.000000000000000000 ) ) ;
#849 = CARTESIAN_POINT ( 'NONE',  ( 8.992549096217215455E-17, 1.026458978289599422, 0.8269881900000000119 ) ) ;
#850 =( NAMED_UNIT ( * ) PLANE_ANGLE_UNIT ( ) SI_UNIT ( $, .RADIAN. ) );
#851 = ORIENTED_EDGE ( 'NONE', *, *, #34, .F. ) ;
#852 = EDGE_LOOP ( 'NONE', ( #869, #928, #1123 ) ) ;
#853 = EDGE_CURVE ( 'NONE', #1326, #689, #1342, .T. ) ;
#854 = CARTESIAN_POINT ( 'NONE',  ( -0.4940714270391859952, 1.324838733573535876, -0.6631763652173822132 ) ) ;
#855 = AXIS2_PLACEMENT_3D ( 'NONE', #843, #43, #513 ) ;
#856 = CARTESIAN_POINT ( 'NONE',  ( -0.01363895445383616484, 1.609251475990480573, -0.8269881900000000119 ) ) ;
#857 = CIRCLE ( 'NONE', #20, 0.2417480299999998916 ) ;
#858 = ORIENTED_EDGE ( 'NONE', *, *, #441, .F. ) ;
#859 =( GEOMETRIC_REPRESENTATION_CONTEXT ( 3 ) GLOBAL_UNCERTAINTY_ASSIGNED_CONTEXT ( ( #1232 ) ) GLOBAL_UNIT_ASSIGNED_CONTEXT ( ( #915, #459, #232 ) ) REPRESENTATION_CONTEXT ( 'NONE', 'WORKASPACE' ) );
#860 = VERTEX_POINT ( 'NONE', #147 ) ;
#861 = B_SPLINE_CURVE_WITH_KNOTS ( 'NONE', 3,
 ( #86, #193, #177, #286, #1050, #63, #509, #1161, #640, #625, #1063, #612, #941, #185, #947, #530, #633, #967, #1070, #73, #1400, #410, #421, #847, #862, #80, #523, #57 ),
 .UNSPECIFIED., .F., .F.,
 ( 4, 2, 2, 2, 2, 2, 2, 2, 2, 2, 2, 2, 2, 4 ),
 ( 1.040834800001309323E-18, 0.002196145515230107318, 0.003294218272845152520, 0.004392291030460198156, 0.005490363788075243792, 0.006588436545690288561, 0.008784582060920401517, 0.009882654818535457561, 0.01098072757615051187, 0.01207880033376556791, 0.01317687309138062222, 0.01537301860661072564, 0.01647109136422577128, 0.01756916412184081691 ),
 .UNSPECIFIED. ) ;
#862 = CARTESIAN_POINT ( 'NONE',  ( 0.04717447024591285565, 1.060320052921889022, -0.8257199006168218780 ) ) ;
#863 = EDGE_CURVE ( 'NONE', #419, #981, #913, .T. ) ;
#864 = EDGE_LOOP ( 'NONE', ( #743, #365, #1114, #546 ) ) ;
#865 = CARTESIAN_POINT ( 'NONE',  ( -0.1062207636402899974, 1.123367309352061749, 0.8202755681457932768 ) ) ;
#866 = LINE ( 'NONE', #1199, #21 ) ;
#867 = ADVANCED_FACE ( 'HAF_CRANK_BORE__P01', ( #479 ), #1122, .F. ) ;
#868 = DIRECTION ( 'NONE',  ( 0.9762272058393485219, 0.000000000000000000, -0.2167497233656788536 ) ) ;
#869 = ORIENTED_EDGE ( 'NONE', *, *, #1253, .F. ) ;
#870 = CARTESIAN_POINT ( 'NONE',  ( 0.4316929150000000104, 2.862204730000001085, 0.7223870103385670038 ) ) ;
#871 = CARTESIAN_POINT ( 'NONE',  ( -0.1062614464647012313, 1.503952438197846186, 0.8202688055802730416 ) ) ;
#872 = DIRECTION ( 'NONE',  ( -0.000000000000000000, -1.000000000000000000, -0.000000000000000000 ) ) ;
#873 = VECTOR ( 'NONE', #1218, 39.37007874015748143 ) ;
#874 = VECTOR ( 'NONE', #1053, 39.37007874015748143 ) ;
#875 = AXIS2_PLACEMENT_3D ( 'NONE', #660, #551, #986 ) ;
#876 = CARTESIAN_POINT ( 'NONE',  ( 0.1409371666521228306, 3.271209117643620434, 0.8300826304668811328 ) ) ;
#877 = CIRCLE ( 'NONE', #255, 0.3385826749999999441 ) ;
#878 = DIRECTION ( 'NONE',  ( -0.000000000000000000, 1.000000000000000000, -0.000000000000000000 ) ) ;
#879 = AXIS2_PLACEMENT_3D ( 'NONE', #1196, #650, #1087 ) ;
#880 = CARTESIAN_POINT ( 'NONE',  ( 0.2645182750315286935, 0.9866651444699162665, 0.7836171241149014755 ) ) ;
#881 = CARTESIAN_POINT ( 'NONE',  ( 0.5110236200000000117, 3.385826769999999986, 0.000000000000000000 ) ) ;
#882 = ORIENTED_EDGE ( 'NONE', *, *, #590, .T. ) ;
#883 = DIRECTION ( 'NONE',  ( -0.000000000000000000, 1.000000000000000000, -0.000000000000000000 ) ) ;
#884 = CARTESIAN_POINT ( 'NONE',  ( 0.01431414440184286367, 3.293897645000001262, 0.8415472450000001103 ) ) ;
#885 = ADVANCED_FACE ( 'HAF_BODY__P01', ( #261 ), #713, .T. ) ;
#886 = VERTEX_POINT ( 'NONE', #1024 ) ;
#887 = CARTESIAN_POINT ( 'NONE',  ( 0.1792494611873138299, 1.313700789999999952, 0.8073283689865526913 ) ) ;
#888 = CARTESIAN_POINT ( 'NONE',  ( 0.4940589556672391192, 1.291117900902754023, 0.6631856564824372136 ) ) ;
#889 = DIRECTION ( 'NONE',  ( 0.000000000000000000, 1.000000000000000000, 0.000000000000000000 ) ) ;
#890 = CARTESIAN_POINT ( 'NONE',  ( -0.4316929150000000104, 2.862204730000001085, 0.7223870103385670038 ) ) ;
#891 = CARTESIAN_POINT ( 'NONE',  ( -0.05788633928061768380, 1.069862740766509557, 0.8250232639217405239 ) ) ;
#892 = ORIENTED_EDGE ( 'NONE', *, *, #1253, .T. ) ;
#893 = CARTESIAN_POINT ( 'NONE',  ( -0.4935893729020395249, 1.291430606299607931, -0.6635363228597166430 ) ) ;
#894 = EDGE_CURVE ( 'NONE', #290, #993, #350, .T. ) ;
#895 = CARTESIAN_POINT ( 'NONE',  ( 0.3237408592540205743, 1.009863904768677045, 0.7612690302434148570 ) ) ;
#896 = CARTESIAN_POINT ( 'NONE',  ( 0.4203608078316738439, 2.762897642673216136, 0.7290468577431026276 ) ) ;
#897 = DIRECTION ( 'NONE',  ( -0.000000000000000000, -1.000000000000000000, -0.000000000000000000 ) ) ;
#898 = ORIENTED_EDGE ( 'NONE', *, *, #853, .T. ) ;
#899 = ORIENTED_EDGE ( 'NONE', *, *, #1047, .F. ) ;
#900 = VECTOR ( 'NONE', #699, 39.37007874015748143 ) ;
#901 = CARTESIAN_POINT ( 'NONE',  ( -0.4940714270391860508, 1.313700789999999952, -0.6631763652173818802 ) ) ;
#902 = CARTESIAN_POINT ( 'NONE',  ( 0.1792494611873138022, 1.652283465000000007, 0.8073283689865526913 ) ) ;
#903 = CIRCLE ( 'NONE', #744, 0.3385826749999999441 ) ;
#904 = ADVANCED_FACE ( 'HAF_MOUNT_WEST_COUNTERBORE__P02', ( #27 ), #607, .F. ) ;
#905 = CARTESIAN_POINT ( 'NONE',  ( 0.1408659987507432931, 2.453892484662256734, 0.8297882626164561071 ) ) ;
#906 = CARTESIAN_POINT ( 'NONE',  ( -0.4090687248733651526, 2.721476047825538647, -0.7355370294648058138 ) ) ;
#907 = CARTESIAN_POINT ( 'NONE',  ( 1.012768439816163211E-16, 3.385826769999999986, 0.8269881900000000119 ) ) ;
#908 = VERTEX_POINT ( 'NONE', #789 ) ;
#909 = CARTESIAN_POINT ( 'NONE',  ( 0.4316929150000000104, 2.862204730000001085, 0.7223870103385670038 ) ) ;
#910 = CARTESIAN_POINT ( 'NONE',  ( -0.1408989981961865090, 3.271243261687238668, 0.8300981057039991118 ) ) ;
#911 = DIRECTION ( 'NONE',  ( 0.000000000000000000, 0.000000000000000000, 1.000000000000000000 ) ) ;
#912 = EDGE_CURVE ( 'NONE', #1099, #1205, #877, .T. ) ;
#913 = LINE ( 'NONE', #35, #762 ) ;
#914 = CARTESIAN_POINT ( 'NONE',  ( -0.5110236200000000117, 3.148826769999999442, 0.000000000000000000 ) ) ;
#915 =( CONVERSION_BASED_UNIT ( 'INCH', #1117 ) LENGTH_UNIT ( ) NAMED_UNIT ( #1089 ) );
#916 = VERTEX_POINT ( 'NONE', #308 ) ;
#917 = DIRECTION ( 'NONE',  ( -0.000000000000000000, 1.000000000000000000, -0.000000000000000000 ) ) ;
#918 = CARTESIAN_POINT ( 'NONE',  ( 0.1792494611873138299, 1.313700789999999952, 0.8073283689865526913 ) ) ;
#919 = CARTESIAN_POINT ( 'NONE',  ( 0.1407872479207923633, 3.270547031312489583, -0.8298029800645866372 ) ) ;
#920 = CARTESIAN_POINT ( 'NONE',  ( -0.3254417494815273759, 2.577223089739830275, -0.7763569468059638989 ) ) ;
#921 = CARTESIAN_POINT ( 'NONE',  ( -0.4316929150000000104, 2.862204730000001085, 1.994452759999999492 ) ) ;
#922 = ORIENTED_EDGE ( 'NONE', *, *, #618, .T. ) ;
#923 = CARTESIAN_POINT ( 'NONE',  ( -0.2851004168238611136, 0.9927054487097790592, -0.7765717586222532498 ) ) ;
#924 = LINE ( 'NONE', #685, #1136 ) ;
#925 = COLOUR_RGB ( '',0.7921568627450980005, 0.8196078431372548767, 0.9333333333333333481 ) ;
#926 = CIRCLE ( 'NONE', #970, 0.4316929150000000104 ) ;
#927 = CIRCLE ( 'NONE', #256, 0.8269881900000000119 ) ;
#928 = ORIENTED_EDGE ( 'NONE', *, *, #912, .F. ) ;
#929 = CARTESIAN_POINT ( 'NONE',  ( 0.4281226041534499926, 2.804948479299643971, -0.7245105824994707566 ) ) ;
#930 = CARTESIAN_POINT ( 'NONE',  ( -0.3868627162597797486, 2.670130919039119366, -0.7473916774075083369 ) ) ;
#931 = CARTESIAN_POINT ( 'NONE',  ( -7.153640733865237428E-17, 1.600942601710400703, -0.8269881900000000119 ) ) ;
#932 = ORIENTED_EDGE ( 'NONE', *, *, #1405, .F. ) ;
#933 = CARTESIAN_POINT ( 'NONE',  ( -0.3243845808848469514, 2.577027234370132813, 0.7765750607253119053 ) ) ;
#934 = EDGE_CURVE ( 'NONE', #358, #22, #394, .T. ) ;
#935 = DIRECTION ( 'NONE',  ( 0.9762272058393485219, 0.000000000000000000, -0.2167497233656790756 ) ) ;
#936 = DIRECTION ( 'NONE',  ( 0.000000000000000000, 1.000000000000000000, 0.000000000000000000 ) ) ;
#937 = CARTESIAN_POINT ( 'NONE',  ( -0.4190735516387944504, 1.537198161892377346, -0.7129801295795186178 ) ) ;
#938 = PLANE ( 'NONE',  #44 ) ;
#939 = EDGE_LOOP ( 'NONE', ( #336, #131, #945, #1312, #710 ) ) ;
#940 = CARTESIAN_POINT ( 'NONE',  ( -0.2175515836625710742, 2.488285861973960511, 0.8133032713340232478 ) ) ;
#941 = CARTESIAN_POINT ( 'NONE',  ( 0.1669613869790036453, 1.343254450949108891, -0.8099588649291846743 ) ) ;
#942 = CARTESIAN_POINT ( 'NONE',  ( 0.3507287998915155636, 3.114282122867650937, -0.7650261294353530861 ) ) ;
#943 = CARTESIAN_POINT ( 'NONE',  ( -0.1901439128810466506, 1.652283465000601304, -0.8049094972804123893 ) ) ;
#944 = CARTESIAN_POINT ( 'NONE',  ( -0.1512841575735483779, 1.313700789999999952, 0.8807160701292143790 ) ) ;
#945 = ORIENTED_EDGE ( 'NONE', *, *, #1145, .T. ) ;
#946 = CARTESIAN_POINT ( 'NONE',  ( -0.4287801653601105989, 2.804600188588453058, 0.7241491529588306442 ) ) ;
#947 = CARTESIAN_POINT ( 'NONE',  ( 0.1660102841263852436, 1.284917926918510478, -0.8101568261541685079 ) ) ;
#948 = CIRCLE ( 'NONE', #251, 0.2417480299999998916 ) ;
#949 = CARTESIAN_POINT ( 'NONE',  ( 0.1792494611873138022, 1.652283465000000007, 0.8073283689865526913 ) ) ;
#950 = ADVANCED_FACE ( 'HAF_CRANK_BOSS__P01', ( #173 ), #59, .T. ) ;
#951 = CARTESIAN_POINT ( 'NONE',  ( -0.4316586744976214640, 1.520265343992096119, -0.7054318504216666730 ) ) ;
#952 = DIRECTION ( 'NONE',  ( 0.000000000000000000, 0.000000000000000000, 1.000000000000000000 ) ) ;
#953 = VERTEX_POINT ( 'NONE', #417 ) ;
#954 = CARTESIAN_POINT ( 'NONE',  ( -0.3152002391514824864, 3.157501646030262066, -0.7803598084230656262 ) ) ;
#955 = DIRECTION ( 'NONE',  ( 0.000000000000000000, -0.000000000000000000, -1.000000000000000000 ) ) ;
#956 = CARTESIAN_POINT ( 'NONE',  ( -0.01235267681584725601, 1.593417329957882655, 0.8269881900000000119 ) ) ;
#957 = DIRECTION ( 'NONE',  ( -0.000000000000000000, -0.000000000000000000, -1.000000000000000000 ) ) ;
#958 =( NAMED_UNIT ( * ) SI_UNIT ( $, .STERADIAN. ) SOLID_ANGLE_UNIT ( ) );
#959 = ORIENTED_EDGE ( 'NONE', *, *, #1420, .T. ) ;
#960 = ORIENTED_EDGE ( 'NONE', *, *, #1397, .T. ) ;
#961 = LINE ( 'NONE', #1406, #141 ) ;
#962 = DIRECTION ( 'NONE',  ( 0.9762272058393485219, 0.000000000000000000, -0.2167497233656787980 ) ) ;
#963 = CARTESIAN_POINT ( 'NONE',  ( 0.1017563158559912084, 0.9839899433262726536, 0.8208441750950906668 ) ) ;
#964 = PRESENTATION_STYLE_ASSIGNMENT (( #545 ) ) ;
#965 = ORIENTED_EDGE ( 'NONE', *, *, #1124, .F. ) ;
#966 = ORIENTED_EDGE ( 'NONE', *, *, #658, .F. ) ;
#967 = CARTESIAN_POINT ( 'NONE',  ( 0.1513675775827483805, 1.214330614472650671, -0.8130270502913304886 ) ) ;
#968 = EDGE_CURVE ( 'NONE', #426, #1205, #995, .T. ) ;
#969 = DIRECTION ( 'NONE',  ( 0.2167497233656790201, 0.000000000000000000, 0.9762272058393484109 ) ) ;
#970 = AXIS2_PLACEMENT_3D ( 'NONE', #396, #288, #189 ) ;
#971 = EDGE_LOOP ( 'NONE', ( #29, #163, #959, #452 ) ) ;
#972 = VECTOR ( 'NONE', #1120, 39.37007874015748143 ) ;
#973 = EDGE_LOOP ( 'NONE', ( #474, #899 ) ) ;
#974 = CARTESIAN_POINT ( 'NONE',  ( 0.02860250336620960218, 3.293187461627906654, 0.8411822699106777934 ) ) ;
#975 = EDGE_CURVE ( 'NONE', #993, #594, #283, .T. ) ;
#976 = DIRECTION ( 'NONE',  ( 0.9762272058393485219, 0.000000000000000000, -0.2167497233656788536 ) ) ;
#977 = CARTESIAN_POINT ( 'NONE',  ( 1.586579186248502284E-16, 1.600942601710400703, 0.8269881900000000119 ) ) ;
#978 = EDGE_LOOP ( 'NONE', ( #1274, #1211, #932, #858, #922, #169, #1118, #40, #829 ) ) ;
#979 = DIMENSIONAL_EXPONENTS ( 1.000000000000000000, 0.000000000000000000, 0.000000000000000000, 0.000000000000000000, 0.000000000000000000, 0.000000000000000000, 0.000000000000000000 ) ;
#980 = CARTESIAN_POINT ( 'NONE',  ( 0.4901661415951975020, 1.369476616986096573, 0.6660723326645549003 ) ) ;
#981 = VERTEX_POINT ( 'NONE', #1166 ) ;
#982 = ORIENTED_EDGE ( 'NONE', *, *, #1385, .T. ) ;
#983 = CARTESIAN_POINT ( 'NONE',  ( 0.2855767832976352505, 3.187122477450949454, 0.7918897725060942694 ) ) ;
#984 = CARTESIAN_POINT ( 'NONE',  ( -0.1284171520839817449, 1.466566840166475094, 0.8169909650378399668 ) ) ;
#985 = DIRECTION ( 'NONE',  ( 0.000000000000000000, 0.000000000000000000, -1.000000000000000000 ) ) ;
#986 = DIRECTION ( 'NONE',  ( 1.000000000000000000, 0.000000000000000000, 0.000000000000000000 ) ) ;
#987 = EDGE_CURVE ( 'NONE', #1181, #254, #834, .T. ) ;
#988 =( GEOMETRIC_REPRESENTATION_CONTEXT ( 3 ) GLOBAL_UNCERTAINTY_ASSIGNED_CONTEXT ( ( #1097 ) ) GLOBAL_UNIT_ASSIGNED_CONTEXT ( ( #314, #850, #958 ) ) REPRESENTATION_CONTEXT ( 'NONE', 'WORKASPACE' ) );
#989 = VERTEX_POINT ( 'NONE', #405 ) ;
#990 = DIRECTION ( 'NONE',  ( 0.2167497233656790201, 0.000000000000000000, 0.9762272058393484109 ) ) ;
#991 = CIRCLE ( 'NONE', #651, 0.4316929150000000104 ) ;
#992 = DIRECTION ( 'NONE',  ( 1.000000000000000000, 0.000000000000000000, 0.000000000000000000 ) ) ;
#993 = VERTEX_POINT ( 'NONE', #498 ) ;
#994 = FACE_OUTER_BOUND ( 'NONE', #1085, .T. ) ;
#995 = B_SPLINE_CURVE_WITH_KNOTS ( 'NONE', 3,
 ( #519, #854, #621, #1402, #1059, #722, #412, #1288, #636, #1072, #180, #1172, #951, #937, #747, #627, #835, #1294, #82, #1380, #295, #505, #733, #740, #1067, #1193, #943, #1387 ),
 .UNSPECIFIED., .F., .F.,
 ( 4, 2, 2, 2, 2, 2, 2, 2, 2, 2, 2, 2, 2, 4 ),
 ( 0.03596877873528532554, 0.03681752437737560724, 0.03766627001946588199, 0.03936376130364642456, 0.04021250694573669238, 0.04106125258782696019, 0.04190999822991722801, 0.04275874387200749582, 0.04445623515618803839, 0.04530498079827831315, 0.04615372644036859484, 0.04785121772454915129, 0.04869996336663942604, 0.04954870900872970774 ),
 .UNSPECIFIED. ) ;
#996 = CARTESIAN_POINT ( 'NONE',  ( 0.4540453269864286323, 1.484085524302667602, 0.6913183985671758069 ) ) ;
#997 = DIRECTION ( 'NONE',  ( 0.000000000000000000, 0.000000000000000000, 1.000000000000000000 ) ) ;
#998 = ORIENTED_EDGE ( 'NONE', *, *, #1223, .T. ) ;
#999 = EDGE_CURVE ( 'NONE', #1259, #916, #926, .T. ) ;
#1000 = LINE ( 'NONE', #106, #279 ) ;
#1001 = LINE ( 'NONE', #204, #810 ) ;
#1002 = ORIENTED_EDGE ( 'NONE', *, *, #1138, .F. ) ;
#1003 = CARTESIAN_POINT ( 'NONE',  ( -0.2648834541482866789, 0.9861893164000163914, -0.7837255563124468916 ) ) ;
#1004 = CARTESIAN_POINT ( 'NONE',  ( 0.3911171018276931033, 1.568673543271264847, 0.7288337384346506020 ) ) ;
#1005 = CARTESIAN_POINT ( 'NONE',  ( 0.2530642526707203022, 2.512186336523569263, 0.8026871885276726237 ) ) ;
#1006 = ORIENTED_EDGE ( 'NONE', *, *, #987, .F. ) ;
#1007 = EDGE_LOOP ( 'NONE', ( #500, #282, #1131, #1345 ) ) ;
#1008 = VERTEX_POINT ( 'NONE', #614 ) ;
#1009 = CARTESIAN_POINT ( 'NONE',  ( 0.000000000000000000, 2.862204730000001085, 1.994452759999999492 ) ) ;
#1010 = EDGE_CURVE ( 'NONE', #197, #908, #1084, .T. ) ;
#1011 = DIRECTION ( 'NONE',  ( 1.000000000000000000, 0.000000000000000000, 0.000000000000000000 ) ) ;
#1012 = CARTESIAN_POINT ( 'NONE',  ( 0.4036602636935844868, 2.708539751149602548, 0.7384427636953436735 ) ) ;
#1013 = B_SPLINE_CURVE_WITH_KNOTS ( 'NONE', 3,
 ( #691, #1336, #484, #360, #343, #1003, #923, #1370, #375, #132, #453, #701, #264, #800, #150, #23, #353, #595, #1245, #793, #258, #893, #1346, #901 ),
 .UNSPECIFIED., .F., .F.,
 ( 4, 2, 2, 2, 2, 2, 2, 2, 2, 2, 2, 4 ),
 ( 0.02238423454136331467, 0.02323326855348344100, 0.02408230256560356386, 0.02578037058984381652, 0.02747843861408406918, 0.02917650663832432184, 0.03087457466256457450, 0.03172360867468469736, 0.03257264268680482022, 0.03427071071104506594, 0.03511974472316520268, 0.03596877873528532554 ),
 .UNSPECIFIED. ) ;
#1014 = CARTESIAN_POINT ( 'NONE',  ( -0.4316929150000000659, 2.847904054703390475, -0.7223870103385671149 ) ) ;
#1015 = CARTESIAN_POINT ( 'NONE',  ( -0.5110236200000000117, 3.385826769999999986, 0.000000000000000000 ) ) ;
#1016 = AXIS2_PLACEMENT_3D ( 'NONE', #667, #115, #238 ) ;
#1017 = VERTEX_POINT ( 'NONE', #512 ) ;
#1018 = VECTOR ( 'NONE', #168, 39.37007874015748143 ) ;
#1019 = CARTESIAN_POINT ( 'NONE',  ( -0.1659996954070161734, 1.342681044476486063, 0.8101590950318295903 ) ) ;
#1020 = CARTESIAN_POINT ( 'NONE',  ( -0.05731547495302669742, 3.290318789077814721, 0.8397160939490121434 ) ) ;
#1021 = CIRCLE ( 'NONE', #49, 0.2251574803149607173 ) ;
#1022 = EDGE_CURVE ( 'NONE', #22, #757, #1108, .T. ) ;
#1023 = CARTESIAN_POINT ( 'NONE',  ( 0.1792494611873138299, 1.313700789999999952, 0.8073283689865526913 ) ) ;
#1024 = CARTESIAN_POINT ( 'NONE',  ( 0.5110236200000000117, 3.148826769999999442, -0.1406000000000002803 ) ) ;
#1025 = DIRECTION ( 'NONE',  ( 0.9762272058393485219, 0.000000000000000000, -0.2167497233656787980 ) ) ;
#1026 = ORIENTED_EDGE ( 'NONE', *, *, #454, .T. ) ;
#1027 = CYLINDRICAL_SURFACE ( 'NONE', #435, 0.2265499999999998071 ) ;
#1028 = CARTESIAN_POINT ( 'NONE',  ( -0.1792494611873138299, 1.313700789999999952, -0.8073283689865526913 ) ) ;
#1029 = CARTESIAN_POINT ( 'NONE',  ( -0.1792494611873138022, 0.9751181150000000075, -0.8073283689865526913 ) ) ;
#1030 = LINE ( 'NONE', #42, #1163 ) ;
#1031 = DIRECTION ( 'NONE',  ( 0.2167497233656790201, 0.000000000000000000, 0.9762272058393484109 ) ) ;
#1032 = ORIENTED_EDGE ( 'NONE', *, *, #999, .T. ) ;
#1033 = CARTESIAN_POINT ( 'NONE',  ( 1.030614912569455702E-16, 3.293897645000000818, 0.8415472450000001103 ) ) ;
#1034 = CARTESIAN_POINT ( 'NONE',  ( 0.3231599760272799160, 1.617214777192580444, 0.7612988609643686067 ) ) ;
#1035 = ORIENTED_EDGE ( 'NONE', *, *, #968, .F. ) ;
#1036 = CARTESIAN_POINT ( 'NONE',  ( 0.3153923509376779233, 3.157293966871018931, -0.7802815499710102909 ) ) ;
#1037 = CYLINDRICAL_SURFACE ( 'NONE', #629, 0.1405999999999997252 ) ;
#1038 = CARTESIAN_POINT ( 'NONE',  ( 0.000000000000000000, 2.862204730000001085, 1.994452759999999492 ) ) ;
#1039 = EDGE_CURVE ( 'NONE', #197, #311, #324, .T. ) ;
#1040 = EDGE_LOOP ( 'NONE', ( #960, #1026 ) ) ;
#1041 = CLOSED_SHELL ( 'NONE', ( #758, #1412, #56, #1244, #77, #1271, #598, #675, #356, #247, #1096, #550, #885, #738, #218, #395, #431, #291, #313, #503, #950, #329, #867, #1234, #712, #4, #643, #1357, #1426, #202, #635, #493, #904, #825, #1283, #462 ) ) ;
#1042 = DIRECTION ( 'NONE',  ( -0.000000000000000000, 1.000000000000000000, -0.000000000000000000 ) ) ;
#1043 = DIRECTION ( 'NONE',  ( 0.2167497233656790756, 0.000000000000000000, 0.9762272058393485219 ) ) ;
#1044 = CYLINDRICAL_SURFACE ( 'NONE', #186, 0.8269881900000000119 ) ;
#1045 = CARTESIAN_POINT ( 'NONE',  ( 0.1636319926370400635, 0.9751181150000000075, 0.8107958834828667971 ) ) ;
#1046 = DIRECTION ( 'NONE',  ( -0.000000000000000000, 1.000000000000000000, -0.000000000000000000 ) ) ;
#1047 = EDGE_CURVE ( 'NONE', #981, #989, #1299, .T. ) ;
#1048 = ORIENTED_EDGE ( 'NONE', *, *, #1305, .T. ) ;
#1049 = CARTESIAN_POINT ( 'NONE',  ( -0.07218028332971269945, 3.288061513603179886, -0.8385647841032597416 ) ) ;
#1050 = CARTESIAN_POINT ( 'NONE',  ( 0.08780066421947772815, 1.526223396445070213, -0.8223628685806522176 ) ) ;
#1051 = CARTESIAN_POINT ( 'NONE',  ( 0.02908295572986487401, 3.293897645000001262, -0.8415472450000002214 ) ) ;
#1052 = CARTESIAN_POINT ( 'NONE',  ( 0.000000000000000000, 2.338582677165354617, 0.000000000000000000 ) ) ;
#1053 = DIRECTION ( 'NONE',  ( -0.000000000000000000, -0.000000000000000000, -1.000000000000000000 ) ) ;
#1054 = ORIENTED_EDGE ( 'NONE', *, *, #788, .T. ) ;
#1055 = CARTESIAN_POINT ( 'NONE',  ( -0.01450233696851204943, 3.293897645000000374, -0.8415472449999998883 ) ) ;
#1056 = CARTESIAN_POINT ( 'NONE',  ( 0.000000000000000000, 3.293897645000000818, -0.8415472400000000297 ) ) ;
#1057 = EDGE_CURVE ( 'NONE', #775, #507, #866, .T. ) ;
#1058 = DIRECTION ( 'NONE',  ( -1.000000000000000000, 0.000000000000000000, 0.000000000000000000 ) ) ;
#1059 = CARTESIAN_POINT ( 'NONE',  ( -0.4901587275990473835, 1.369537762269774417, -0.6660778444663018050 ) ) ;
#1060 = CARTESIAN_POINT ( 'NONE',  ( 0.000000000000000000, 2.430511815000000908, -0.8415472400000000297 ) ) ;
#1061 = ORIENTED_EDGE ( 'NONE', *, *, #786, .F. ) ;
#1062 = CARTESIAN_POINT ( 'NONE',  ( -0.05724704059654005944, 2.433369739061918668, 0.8400706382855978038 ) ) ;
#1063 = CARTESIAN_POINT ( 'NONE',  ( 0.1512294755775989707, 1.413489335466103558, -0.8130528283028511938 ) ) ;
#1064 = VECTOR ( 'NONE', #1273, 39.37007874015748143 ) ;
#1065 = CIRCLE ( 'NONE', #606, 0.2265499999999998071 ) ;
#1066 = CARTESIAN_POINT ( 'NONE',  ( 0.1792494611873138299, 1.313700789999999952, 0.8073283689865526913 ) ) ;
#1067 = CARTESIAN_POINT ( 'NONE',  ( -0.2227203472685304608, 1.649498166092228990, -0.7965118605405349106 ) ) ;
#1068 = FILL_AREA_STYLE ('',( #1416 ) ) ;
#1069 = EDGE_LOOP ( 'NONE', ( #1243, #1203 ) ) ;
#1070 = CARTESIAN_POINT ( 'NONE',  ( 0.1464808969768642555, 1.200492414959124288, -0.8139326881420100301 ) ) ;
#1071 = CARTESIAN_POINT ( 'NONE',  ( -0.04695567409256592301, 1.567268805741459214, 0.8257325005946294372 ) ) ;
#1072 = CARTESIAN_POINT ( 'NONE',  ( -0.4535779565468466279, 1.483894679448381160, -0.6915259020597099848 ) ) ;
#1073 = CARTESIAN_POINT ( 'NONE',  ( 0.000000000000000000, 2.862204730000001085, 1.994452759999999492 ) ) ;
#1074 = ORIENTED_EDGE ( 'NONE', *, *, #34, .T. ) ;
#1075 = CARTESIAN_POINT ( 'NONE',  ( -0.3737757122613122873, 3.079969754743717925, 0.7541793939980888650 ) ) ;
#1076 = FACE_BOUND ( 'NONE', #1040, .T. ) ;
#1077 = ORIENTED_EDGE ( 'NONE', *, *, #510, .T. ) ;
#1078 = EDGE_CURVE ( 'NONE', #1320, #1326, #1425, .T. ) ;
#1079 = ORIENTED_EDGE ( 'NONE', *, *, #1297, .T. ) ;
#1080 = CARTESIAN_POINT ( 'NONE',  ( 0.4287568603696393921, 2.920007352976077275, 0.7241632226949799023 ) ) ;
#1081 = CARTESIAN_POINT ( 'NONE',  ( 0.1792494611873138299, 1.313700789999999952, 0.8073283689865526913 ) ) ;
#1082 = VECTOR ( 'NONE', #1046, 39.37007874015748143 ) ;
#1083 = CARTESIAN_POINT ( 'NONE',  ( -0.1174484570964752922, 1.646782412775992244, -0.8187559805519364353 ) ) ;
#1084 = CIRCLE ( 'NONE', #463, 0.8269881900000000119 ) ;
#1085 = EDGE_LOOP ( 'NONE', ( #272, #95, #982, #781 ) ) ;
#1086 = CIRCLE ( 'NONE', #112, 0.2265499999999998071 ) ;
#1087 = DIRECTION ( 'NONE',  ( 0.9762272058393485219, 0.000000000000000000, -0.2167497233656790756 ) ) ;
#1088 = CARTESIAN_POINT ( 'NONE',  ( 0.3672225949286156976, 1.038734177518555901, 0.7410435067077432159 ) ) ;
#1089 = DIMENSIONAL_EXPONENTS ( 1.000000000000000000, 0.000000000000000000, 0.000000000000000000, 0.000000000000000000, 0.000000000000000000, 0.000000000000000000, 0.000000000000000000 ) ;
#1090 = SURFACE_SIDE_STYLE ('',( #654 ) ) ;
#1091 = ORIENTED_EDGE ( 'NONE', *, *, #1305, .F. ) ;
#1092 = ORIENTED_EDGE ( 'NONE', *, *, #1039, .T. ) ;
#1093 = DIRECTION ( 'NONE',  ( -0.2167497233656790201, -0.000000000000000000, -0.9762272058393485219 ) ) ;
#1094 = CARTESIAN_POINT ( 'NONE',  ( -0.1350653582389479135, 1.453507509827618005, 0.8159045108460610818 ) ) ;
#1095 = DIRECTION ( 'NONE',  ( -0.000000000000000000, 1.000000000000000000, -0.000000000000000000 ) ) ;
#1096 = ADVANCED_FACE ( 'HAF_HEAD__P01', ( #549 ), #344, .T. ) ;
#1097 = UNCERTAINTY_MEASURE_WITH_UNIT (LENGTH_MEASURE( 1.000000000000000082E-05 ), #314, 'distance_accuracy_value', 'NONE');
#1098 = FACE_BOUND ( 'NONE', #973, .T. ) ;
#1099 = VERTEX_POINT ( 'NONE', #424 ) ;
#1100 = CARTESIAN_POINT ( 'NONE',  ( -0.05675154265675304982, 1.313700789999999952, 0.8597271876132505097 ) ) ;
#1101 = ORIENTED_EDGE ( 'NONE', *, *, #422, .F. ) ;
#1102 = CARTESIAN_POINT ( 'NONE',  ( 0.000000000000000000, 2.430511815000000908, -0.8415472400000000297 ) ) ;
#1103 = CARTESIAN_POINT ( 'NONE',  ( 0.2848577244296869870, 0.9932170964586448658, 0.7764546296239753786 ) ) ;
#1104 = EDGE_CURVE ( 'NONE', #953, #1099, #903, .T. ) ;
#1105 = DIRECTION ( 'NONE',  ( 0.000000000000000000, 1.000000000000000000, 0.000000000000000000 ) ) ;
#1106 = PRESENTATION_LAYER_ASSIGNMENT (  '', '', ( #303 ) ) ;
#1107 = CARTESIAN_POINT ( 'NONE',  ( 0.1792494611873138022, 0.9751181150000000075, 0.8073283689865526913 ) ) ;
#1108 = CIRCLE ( 'NONE', #583, 0.3385826749999999441 ) ;
#1109 = CARTESIAN_POINT ( 'NONE',  ( -0.1669958104825383927, 1.299278066888134520, 0.8099517675027054775 ) ) ;
#1110 = EDGE_LOOP ( 'NONE', ( #418, #1074, #123, #1002, #1376, #483, #792, #587, #814, #1228 ) ) ;
#1111 = DIRECTION ( 'NONE',  ( 1.000000000000000000, 0.000000000000000000, 0.000000000000000000 ) ) ;
#1112 = CARTESIAN_POINT ( 'NONE',  ( 0.4542153995757575169, 1.143618833183772221, 0.6912086126734704461 ) ) ;
#1113 = CARTESIAN_POINT ( 'NONE',  ( 0.09980969667098735232, 2.441966282386923481, 0.8357256454433711346 ) ) ;
#1114 = ORIENTED_EDGE ( 'NONE', *, *, #1311, .T. ) ;
#1115 = DIRECTION ( 'NONE',  ( 0.000000000000000000, 0.000000000000000000, 1.000000000000000000 ) ) ;
#1116 = EDGE_CURVE ( 'NONE', #297, #1267, #1086, .T. ) ;
#1117 = LENGTH_MEASURE_WITH_UNIT ( LENGTH_MEASURE( 0.02539999999999999897 ), #1343 );
#1118 = ORIENTED_EDGE ( 'NONE', *, *, #894, .F. ) ;
#1119 = CARTESIAN_POINT ( 'NONE',  ( 0.000000000000000000, 2.862204730000001085, 1.994452759999999492 ) ) ;
#1120 = DIRECTION ( 'NONE',  ( -0.000000000000000000, -1.000000000000000000, -0.000000000000000000 ) ) ;
#1121 = CARTESIAN_POINT ( 'NONE',  ( 0.01439972551119401978, 2.430511815000000464, 0.8415472449999997773 ) ) ;
#1122 = CYLINDRICAL_SURFACE ( 'NONE', #1369, 0.2251574803149607173 ) ;
#1123 = ORIENTED_EDGE ( 'NONE', *, *, #1104, .F. ) ;
#1124 = EDGE_CURVE ( 'NONE', #358, #494, #1331, .T. ) ;
#1125 = EDGE_LOOP ( 'NONE', ( #645, #191, #586 ) ) ;
#1126 = CARTESIAN_POINT ( 'NONE',  ( -0.1669958104825383927, 1.313700789999999952, 0.8099517675027052555 ) ) ;
#1127 = CYLINDRICAL_SURFACE ( 'NONE', #631, 0.1405999999999997530 ) ;
#1128 = CARTESIAN_POINT ( 'NONE',  ( 0.4167976843940749965, 2.748891741187455828, 0.7310980479274212795 ) ) ;
#1129 = CARTESIAN_POINT ( 'NONE',  ( -0.4309840678699130567, 2.833626554357244309, -0.7228120300645434204 ) ) ;
#1130 = EDGE_LOOP ( 'NONE', ( #248, #1189, #1436, #805 ) ) ;
#1131 = ORIENTED_EDGE ( 'NONE', *, *, #1047, .T. ) ;
#1132 = AXIS2_PLACEMENT_3D ( 'NONE', #771, #1105, #911 ) ;
#1133 = DIRECTION ( 'NONE',  ( 1.000000000000000000, 0.000000000000000000, 0.000000000000000000 ) ) ;
#1134 = CIRCLE ( 'NONE', #1185, 0.2251574803149607173 ) ;
#1135 = CARTESIAN_POINT ( 'NONE',  ( 0.3413699778658483286, 1.606735432932196561, 0.7533092751476431204 ) ) ;
#1136 = VECTOR ( 'NONE', #702, 39.37007874015748143 ) ;
#1137 = B_SPLINE_CURVE_WITH_KNOTS ( 'NONE', 3,
 ( #104, #1121, #584, #326, #560, #1113, #674, #905, #1240, #127, #1348, #1005, #1216, #568, #795, #348, #26, #219, #665, #1012, #244, #1128, #896, #439, #136, #471 ),
 .UNSPECIFIED., .F., .F.,
 ( 4, 2, 2, 2, 2, 2, 2, 2, 2, 2, 2, 2, 4 ),
 ( 0.01746256097971096016, 0.01855304701400556366, 0.01964353304830016717, 0.02073401908259477067, 0.02182450511688937417, 0.02400547718547858117, 0.02509596321977317426, 0.02618644925406776736, 0.02836742132265698130, 0.03054839339124619524, 0.03163887942554079874, 0.03272936545983540224, 0.03491033752842461618 ),
 .UNSPECIFIED. ) ;
#1138 = EDGE_CURVE ( 'NONE', #22, #757, #638, .T. ) ;
#1139 = CARTESIAN_POINT ( 'NONE',  ( 0.4287871193434644734, 2.919774104112680568, -0.7241451032228658491 ) ) ;
#1140 = CARTESIAN_POINT ( 'NONE',  ( -0.2645722748801733193, 2.519949542649622565, -0.7992409579480734827 ) ) ;
#1141 = CARTESIAN_POINT ( 'NONE',  ( 0.5110236200000000117, 0.000000000000000000, 0.000000000000000000 ) ) ;
#1142 = ORIENTED_EDGE ( 'NONE', *, *, #307, .F. ) ;
#1143 = CARTESIAN_POINT ( 'NONE',  ( -0.1669958104825383649, 1.328134173729873302, 0.8099517675027052555 ) ) ;
#1144 = CARTESIAN_POINT ( 'NONE',  ( 0.000000000000000000, 0.000000000000000000, 0.000000000000000000 ) ) ;
#1145 = EDGE_CURVE ( 'NONE', #916, #88, #243, .T. ) ;
#1146 = ORIENTED_EDGE ( 'NONE', *, *, #1367, .T. ) ;
#1147 = DIRECTION ( 'NONE',  ( 0.000000000000000000, 0.000000000000000000, 1.000000000000000000 ) ) ;
#1148 = CARTESIAN_POINT ( 'NONE',  ( 0.000000000000000000, 3.293897645000000818, -0.8415472400000000297 ) ) ;
#1149 = DIRECTION ( 'NONE',  ( -0.000000000000000000, 1.000000000000000000, -0.000000000000000000 ) ) ;
#1150 = ORIENTED_EDGE ( 'NONE', *, *, #97, .T. ) ;
#1151 = DIRECTION ( 'NONE',  ( -0.000000000000000000, -0.000000000000000000, -1.000000000000000000 ) ) ;
#1152 = DIRECTION ( 'NONE',  ( 0.000000000000000000, 0.000000000000000000, 1.000000000000000000 ) ) ;
#1153 = VERTEX_POINT ( 'NONE', #1372 ) ;
#1154 = DIRECTION ( 'NONE',  ( 0.000000000000000000, 0.000000000000000000, 1.000000000000000000 ) ) ;
#1155 = EDGE_CURVE ( 'NONE', #257, #297, #924, .T. ) ;
#1156 = DIRECTION ( 'NONE',  ( 0.000000000000000000, 0.000000000000000000, 1.000000000000000000 ) ) ;
#1157 = DIRECTION ( 'NONE',  ( 0.2167497233656790201, -0.000000000000000000, 0.9762272058393485219 ) ) ;
#1158 = EDGE_LOOP ( 'NONE', ( #1251, #477, #156, #515 ) ) ;
#1159 = AXIS2_PLACEMENT_3D ( 'NONE', #129, #578, #797 ) ;
#1160 = CARTESIAN_POINT ( 'NONE',  ( -0.3504265406603799815, 2.609704678894253060, 0.7651651018577924068 ) ) ;
#1161 = CARTESIAN_POINT ( 'NONE',  ( 0.1283381599235260961, 1.466702870365739209, -0.8170028062023594329 ) ) ;
#1162 = AXIS2_PLACEMENT_3D ( 'NONE', #511, #936, #1147 ) ;
#1163 = VECTOR ( 'NONE', #803, 39.37007874015748143 ) ;
#1164 = AXIS2_PLACEMENT_3D ( 'NONE', #312, #731, #955 ) ;
#1165 = FACE_OUTER_BOUND ( 'NONE', #1110, .T. ) ;
#1166 = CARTESIAN_POINT ( 'NONE',  ( 0.5110236200000000117, 3.385826769999999986, -0.2265499999999998071 ) ) ;
#1167 = LINE ( 'NONE', #389, #1064 ) ;
#1168 = ORIENTED_EDGE ( 'NONE', *, *, #1104, .T. ) ;
#1169 = EDGE_CURVE ( 'NONE', #1439, #1237, #438, .T. ) ;
#1170 = CARTESIAN_POINT ( 'NONE',  ( -0.2182613513399866423, 3.235697322974459222, -0.8131082109197163010 ) ) ;
#1171 = CARTESIAN_POINT ( 'NONE',  ( 0.4259821981921141365, 2.790781736698928928, -0.7257765366466274459 ) ) ;
#1172 = CARTESIAN_POINT ( 'NONE',  ( -0.4375389492328175534, 1.511487984984250632, -0.7017914565106753155 ) ) ;
#1173 = FACE_BOUND ( 'NONE', #121, .T. ) ;
#1174 = EDGE_LOOP ( 'NONE', ( #1302, #1048, #1168 ) ) ;
#1175 = CARTESIAN_POINT ( 'NONE',  ( -0.2637543052766141427, 2.520171603496396351, 0.7992276852648205754 ) ) ;
#1176 = PRODUCT_RELATED_PRODUCT_CATEGORY ( 'part', '', ( #71 ) ) ;
#1177 = DIRECTION ( 'NONE',  ( -0.9762272058393485219, 0.000000000000000000, 0.2167497233656787980 ) ) ;
#1178 = DIRECTION ( 'NONE',  ( 0.000000000000000000, 0.000000000000000000, 1.000000000000000000 ) ) ;
#1179 = CARTESIAN_POINT ( 'NONE',  ( 0.05658318959937953807, 0.9980991933187198795, 0.8251790234726764650 ) ) ;
#1180 = DIRECTION ( 'NONE',  ( -1.000000000000000000, 0.000000000000000000, 0.000000000000000000 ) ) ;
#1181 = VERTEX_POINT ( 'NONE', #378 ) ;
#1182 = CARTESIAN_POINT ( 'NONE',  ( -0.09930003741767697012, 2.441844467258352136, 0.8357869357592423443 ) ) ;
#1183 = CARTESIAN_POINT ( 'NONE',  ( -0.4316929150000000104, 2.862204730000001085, 0.7223870103385670038 ) ) ;
#1184 = AXIS2_PLACEMENT_3D ( 'NONE', #1332, #340, #787 ) ;
#1185 = AXIS2_PLACEMENT_3D ( 'NONE', #1119, #1352, #125 ) ;
#1186 = CARTESIAN_POINT ( 'NONE',  ( 0.09947757190084839662, 2.441883421783508812, -0.8357672922339045574 ) ) ;
#1187 = DIRECTION ( 'NONE',  ( 0.000000000000000000, 1.000000000000000000, 0.000000000000000000 ) ) ;
#1188 = CARTESIAN_POINT ( 'NONE',  ( 0.000000000000000000, 2.862204730000001085, 1.994452759999999492 ) ) ;
#1189 = ORIENTED_EDGE ( 'NONE', *, *, #277, .T. ) ;
#1190 = CARTESIAN_POINT ( 'NONE',  ( -0.3252743953698760127, 3.147384649900746734, 0.7764289883262789349 ) ) ;
#1191 = B_SPLINE_CURVE_WITH_KNOTS ( 'NONE', 3,
 ( #824, #126, #476, #1020, #354, #470, #910, #1239, #361, #1361, #367, #807, #1254, #596, #1261, #1190, #737, #1075, #1292, #1286, #619, #403, #1296, #1391, #745, #1183 ),
 .UNSPECIFIED., .F., .F.,
 ( 4, 2, 2, 2, 2, 2, 2, 2, 2, 2, 2, 2, 4 ),
 ( 0.05234219635763343731, 0.05343033793706618295, 0.05451847951649892859, 0.05669476267536441988, 0.05778290425479717940, 0.05887104583422993198, 0.05995918741366268456, 0.06104732899309544408, 0.06322361215196098394, 0.06539989531082651686, 0.06757617846969206366, 0.06866432004912484399, 0.06975246162855763821 ),
 .UNSPECIFIED. ) ;
#1192 = EDGE_CURVE ( 'NONE', #209, #175, #697, .T. ) ;
#1193 = CARTESIAN_POINT ( 'NONE',  ( -0.2010170150179921011, 1.651733151220955653, -0.8022640816728714430 ) ) ;
#1194 = FACE_BOUND ( 'NONE', #644, .T. ) ;
#1195 = EDGE_LOOP ( 'NONE', ( #554, #561 ) ) ;
#1196 = CARTESIAN_POINT ( 'NONE',  ( -0.1792494611873138299, 1.313700789999999952, -0.8073283689865526913 ) ) ;
#1197 = ORIENTED_EDGE ( 'NONE', *, *, #266, .T. ) ;
#1198 = DIRECTION ( 'NONE',  ( -0.000000000000000000, 1.000000000000000000, -0.000000000000000000 ) ) ;
#1199 = CARTESIAN_POINT ( 'NONE',  ( 0.5110236200000000117, 3.385826769999999986, 0.1405999999999997252 ) ) ;
#1200 = AXIS2_PLACEMENT_3D ( 'NONE', #473, #1350, #334 ) ;
#1201 = PLANE ( 'NONE',  #1298 ) ;
#1202 = AXIS2_PLACEMENT_3D ( 'NONE', #245, #153, #160 ) ;
#1203 = ORIENTED_EDGE ( 'NONE', *, *, #1192, .F. ) ;
#1204 = AXIS2_PLACEMENT_3D ( 'NONE', #547, #1198, #1418 ) ;
#1205 = VERTEX_POINT ( 'NONE', #50 ) ;
#1206 = CYLINDRICAL_SURFACE ( 'NONE', #1321, 0.3385826749999999996 ) ;
#1207 = EDGE_CURVE ( 'NONE', #384, #989, #158, .T. ) ;
#1208 = FACE_OUTER_BOUND ( 'NONE', #609, .T. ) ;
#1209 = DIRECTION ( 'NONE',  ( 0.2167497233656790201, -0.000000000000000000, 0.9762272058393485219 ) ) ;
#1210 = DIRECTION ( 'NONE',  ( 0.000000000000000000, -0.000000000000000000, 1.000000000000000000 ) ) ;
#1211 = ORIENTED_EDGE ( 'NONE', *, *, #133, .T. ) ;
#1212 = CARTESIAN_POINT ( 'NONE',  ( 0.3737264740011588260, 3.080060958111953795, 0.7542047200858256195 ) ) ;
#1213 = DIRECTION ( 'NONE',  ( -0.2167497233656790201, -0.000000000000000000, -0.9762272058393485219 ) ) ;
#1214 = EDGE_CURVE ( 'NONE', #494, #11, #927, .T. ) ;
#1215 = CARTESIAN_POINT ( 'NONE',  ( 0.4843688018233806014, 1.402221448537871007, 0.6703128071668124077 ) ) ;
#1216 = CARTESIAN_POINT ( 'NONE',  ( 0.2643480829783606545, 2.520628951669727336, 0.7990316736759153216 ) ) ;
#1217 = ORIENTED_EDGE ( 'NONE', *, *, #535, .T. ) ;
#1218 = DIRECTION ( 'NONE',  ( -0.000000000000000000, -1.000000000000000000, -0.000000000000000000 ) ) ;
#1219 = CARTESIAN_POINT ( 'NONE',  ( -0.1660101314197699185, 1.284905600740123166, 0.8101568686529868613 ) ) ;
#1220 = ORIENTED_EDGE ( 'NONE', *, *, #610, .F. ) ;
#1221 = CARTESIAN_POINT ( 'NONE',  ( 0.1407509870021393383, 2.453853366676762349, -0.8298075425436336472 ) ) ;
#1222 = CARTESIAN_POINT ( 'NONE',  ( 0.2013508068161247722, 0.9751181149999998965, 0.8024212525669329743 ) ) ;
#1223 = EDGE_CURVE ( 'NONE', #419, #384, #285, .T. ) ;
#1224 = FACE_BOUND ( 'NONE', #1227, .T. ) ;
#1225 = MECHANICAL_DESIGN_GEOMETRIC_PRESENTATION_REPRESENTATION (  '', ( #303 ), #988 ) ;
#1226 = APPLICATION_CONTEXT ( 'automotive_design' ) ;
#1227 = EDGE_LOOP ( 'NONE', ( #1006, #319 ) ) ;
#1228 = ORIENTED_EDGE ( 'NONE', *, *, #1039, .F. ) ;
#1229 = ORIENTED_EDGE ( 'NONE', *, *, #1057, .F. ) ;
#1230 = CARTESIAN_POINT ( 'NONE',  ( -0.1590111446954945718, 1.385748316962581494, 0.8115667331548470642 ) ) ;
#1231 = CARTESIAN_POINT ( 'NONE',  ( 0.4863069011712033429, 1.236116534667758948, 0.6688952290166653158 ) ) ;
#1232 = UNCERTAINTY_MEASURE_WITH_UNIT (LENGTH_MEASURE( 1.000000000000000082E-05 ), #915, 'distance_accuracy_value', 'NONE');
#1233 = CARTESIAN_POINT ( 'NONE',  ( 0.000000000000000000, 2.862204730000001085, 1.994452759999999492 ) ) ;
#1234 = ADVANCED_FACE ( 'HAF_CONE_BOSS_SOUTH_FACE__P01', ( #496, #39 ), #24, .T. ) ;
#1235 = CARTESIAN_POINT ( 'NONE',  ( -0.1792494611873138299, 1.313700789999999952, -0.8073283689865526913 ) ) ;
#1236 = DIRECTION ( 'NONE',  ( 0.000000000000000000, 0.000000000000000000, 1.000000000000000000 ) ) ;
#1237 = VERTEX_POINT ( 'NONE', #1347 ) ;
#1238 = DIRECTION ( 'NONE',  ( -0.9762272058393485219, 0.000000000000000000, 0.2167497233656787980 ) ) ;
#1239 = CARTESIAN_POINT ( 'NONE',  ( -0.1801720031270235556, 3.254758409080299675, 0.8221424582522344204 ) ) ;
#1240 = CARTESIAN_POINT ( 'NONE',  ( 0.1543850063504905723, 2.458811865170373867, 0.8273726473290550221 ) ) ;
#1241 = CARTESIAN_POINT ( 'NONE',  ( -0.3662981431755112927, 2.633339732298676239, -0.7576946971744473736 ) ) ;
#1242 = ORIENTED_EDGE ( 'NONE', *, *, #1262, .T. ) ;
#1243 = ORIENTED_EDGE ( 'NONE', *, *, #752, .F. ) ;
#1244 = ADVANCED_FACE ( 'HAF_MOUNT_WEST__P01', ( #259 ), #1127, .F. ) ;
#1245 = CARTESIAN_POINT ( 'NONE',  ( -0.4843314918101841449, 1.224965040871716981, -0.6703401176575563003 ) ) ;
#1246 = DIRECTION ( 'NONE',  ( -0.000000000000000000, 1.000000000000000000, -0.000000000000000000 ) ) ;
#1247 = DIRECTION ( 'NONE',  ( -0.000000000000000000, -0.000000000000000000, -1.000000000000000000 ) ) ;
#1248 = CARTESIAN_POINT ( 'NONE',  ( -0.07184867986376031190, 2.436293178624686195, -0.8385926494225405259 ) ) ;
#1249 = CARTESIAN_POINT ( 'NONE',  ( 0.5110236200000000117, 3.385826769999999986, -0.1405999999999997252 ) ) ;
#1250 = AXIS2_PLACEMENT_3D ( 'NONE', #881, #1325, #111 ) ;
#1251 = ORIENTED_EDGE ( 'NONE', *, *, #1155, .F. ) ;
#1252 = DIRECTION ( 'NONE',  ( 0.000000000000000000, 0.000000000000000000, -1.000000000000000000 ) ) ;
#1253 = EDGE_CURVE ( 'NONE', #1205, #953, #437, .T. ) ;
#1254 = CARTESIAN_POINT ( 'NONE',  ( -0.2639487612877670086, 3.204087806697424767, 0.7991634210770147684 ) ) ;
#1255 = VECTOR ( 'NONE', #1209, 39.37007874015748143 ) ;
#1256 = DIRECTION ( 'NONE',  ( -0.000000000000000000, 1.000000000000000000, -0.000000000000000000 ) ) ;
#1257 = DIRECTION ( 'NONE',  ( -0.000000000000000000, 1.000000000000000000, -0.000000000000000000 ) ) ;
#1258 = CARTESIAN_POINT ( 'NONE',  ( -0.5110236200000000117, 3.148826769999999442, -0.1406000000000003636 ) ) ;
#1259 = VERTEX_POINT ( 'NONE', #717 ) ;
#1260 = DIRECTION ( 'NONE',  ( -0.000000000000000000, -1.000000000000000000, -0.000000000000000000 ) ) ;
#1261 = CARTESIAN_POINT ( 'NONE',  ( -0.2958377558531833373, 3.176898003851078123, 0.7879039903035279790 ) ) ;
#1262 = EDGE_CURVE ( 'NONE', #729, #88, #1191, .T. ) ;
#1263 = EDGE_LOOP ( 'NONE', ( #445, #1101, #521, #222 ) ) ;
#1264 = CARTESIAN_POINT ( 'NONE',  ( 0.3421327474431299365, 2.598579628759404070, -0.7689213320870047497 ) ) ;
#1265 = CARTESIAN_POINT ( 'NONE',  ( 0.5110236200000000117, 3.385826769999999986, 0.000000000000000000 ) ) ;
#1266 = DIRECTION ( 'NONE',  ( -1.000000000000000000, 0.000000000000000000, 0.000000000000000000 ) ) ;
#1267 = VERTEX_POINT ( 'NONE', #1276 ) ;
#1268 = CARTESIAN_POINT ( 'NONE',  ( -0.4203114371181859710, 2.762705715819393504, 0.7290752543374874328 ) ) ;
#1269 = CARTESIAN_POINT ( 'NONE',  ( -0.4316929150000000104, 2.862204730000001085, 1.994452759999999492 ) ) ;
#1270 = DIRECTION ( 'NONE',  ( -0.000000000000000000, -1.000000000000000000, -0.000000000000000000 ) ) ;
#1271 = ADVANCED_FACE ( 'HAF_CONE_BOSS__P01', ( #165 ), #1304, .T. ) ;
#1272 = CARTESIAN_POINT ( 'NONE',  ( 0.01345930825371707482, 1.018259544780565351, 0.8269881900000000119 ) ) ;
#1273 = DIRECTION ( 'NONE',  ( -0.000000000000000000, -1.000000000000000000, -0.000000000000000000 ) ) ;
#1274 = ORIENTED_EDGE ( 'NONE', *, *, #535, .F. ) ;
#1275 = CARTESIAN_POINT ( 'NONE',  ( -0.3865658293635045317, 3.054874489418615724, -0.7475454062683939416 ) ) ;
#1276 = CARTESIAN_POINT ( 'NONE',  ( -0.5110236200000000117, 3.385826769999999986, 0.2265499999999998071 ) ) ;
#1277 = AXIS2_PLACEMENT_3D ( 'NONE', #1023, #680, #1442 ) ;
#1278 = AXIS2_PLACEMENT_3D ( 'NONE', #1315, #653, #664 ) ;
#1279 = AXIS2_PLACEMENT_3D ( 'NONE', #502, #1384, #392 ) ;
#1280 = CARTESIAN_POINT ( 'NONE',  ( 0.1133730215079879200, 3.278991296737030492, -0.8339907630755447610 ) ) ;
#1281 = DIRECTION ( 'NONE',  ( 0.000000000000000000, 0.000000000000000000, 1.000000000000000000 ) ) ;
#1282 = LINE ( 'NONE', #60, #832 ) ;
#1283 = ADVANCED_FACE ( 'HAF_MOUNT_EAST_COUNTERBORE__P01', ( #293, #171 ), #1413, .F. ) ;
#1284 = ORIENTED_EDGE ( 'NONE', *, *, #1010, .T. ) ;
#1285 = CARTESIAN_POINT ( 'NONE',  ( -0.3738772674272086149, 2.644582086077084337, 0.7541326582245867494 ) ) ;
#1286 = CARTESIAN_POINT ( 'NONE',  ( -0.4089594770217538366, 3.003259120193921827, 0.7355985070651629432 ) ) ;
#1287 = CARTESIAN_POINT ( 'NONE',  ( 0.1017607923266194980, 1.643412860748461046, 0.8208436794117812685 ) ) ;
#1288 = CARTESIAN_POINT ( 'NONE',  ( -0.4672136844887069262, 1.454318289646383322, -0.6823797410318109824 ) ) ;
#1289 = FACE_BOUND ( 'NONE', #100, .T. ) ;
#1290 = VERTEX_POINT ( 'NONE', #1056 ) ;
#1291 = CARTESIAN_POINT ( 'NONE',  ( -0.4083764332060673685, 2.721519292200402784, 0.7358354464887196800 ) ) ;
#1292 = CARTESIAN_POINT ( 'NONE',  ( -0.3872892101001423337, 3.054951357931317890, 0.7472349598234886425 ) ) ;
#1293 = CARTESIAN_POINT ( 'NONE',  ( 0.1638764681301704829, 1.652283465000437657, 0.8107416041395051343 ) ) ;
#1294 = CARTESIAN_POINT ( 'NONE',  ( -0.3503095064777435597, 1.600935039147536099, -0.7491861839221192199 ) ) ;
#1295 = ORIENTED_EDGE ( 'NONE', *, *, #187, .T. ) ;
#1296 = CARTESIAN_POINT ( 'NONE',  ( -0.4280484561003454758, 2.920021792202050381, 0.7245544495951738995 ) ) ;
#1297 = EDGE_CURVE ( 'NONE', #311, #860, #861, .T. ) ;
#1298 = AXIS2_PLACEMENT_3D ( 'NONE', #647, #734, #637 ) ;
#1299 = CIRCLE ( 'NONE', #1278, 0.2265499999999998071 ) ;
#1300 = CIRCLE ( 'NONE', #673, 0.1406000000000002803 ) ;
#1301 = CARTESIAN_POINT ( 'NONE',  ( -0.5110236200000000117, 3.148826769999999442, 0.000000000000000000 ) ) ;
#1302 = ORIENTED_EDGE ( 'NONE', *, *, #703, .T. ) ;
#1303 = ORIENTED_EDGE ( 'NONE', *, *, #84, .F. ) ;
#1304 = CYLINDRICAL_SURFACE ( 'NONE', #491, 0.3385826749999999996 ) ;
#1305 = EDGE_CURVE ( 'NONE', #426, #953, #961, .T. ) ;
#1306 = CARTESIAN_POINT ( 'NONE',  ( -0.02782802066651756875, 1.616645915504725250, -0.8266466670014184226 ) ) ;
#1307 = ORIENTED_EDGE ( 'NONE', *, *, #196, .F. ) ;
#1308 = CARTESIAN_POINT ( 'NONE',  ( -0.1473291543957710725, 1.199976512920180483, 0.8137979421887625575 ) ) ;
#1309 = CARTESIAN_POINT ( 'NONE',  ( -0.1792494611873138299, 1.313700789999999952, -0.8073283689865526913 ) ) ;
#1310 = CARTESIAN_POINT ( 'NONE',  ( -0.5110236200000000117, 3.385826769999999986, -0.1405999999999997530 ) ) ;
#1311 = EDGE_CURVE ( 'NONE', #254, #1181, #465, .T. ) ;
#1312 = ORIENTED_EDGE ( 'NONE', *, *, #786, .T. ) ;
#1313 = DIRECTION ( 'NONE',  ( -0.000000000000000000, 1.000000000000000000, -0.000000000000000000 ) ) ;
#1314 = CARTESIAN_POINT ( 'NONE',  ( 0.02870814481029388202, 2.430511815011797694, -0.8415472449939488397 ) ) ;
#1315 = CARTESIAN_POINT ( 'NONE',  ( 0.5110236200000000117, 3.385826769999999986, 0.000000000000000000 ) ) ;
#1316 = AXIS2_PLACEMENT_3D ( 'NONE', #1015, #1356, #1115 ) ;
#1317 = AXIS2_PLACEMENT_3D ( 'NONE', #828, #608, #383 ) ;
#1318 = DIRECTION ( 'NONE',  ( -1.000000000000000000, 0.000000000000000000, 0.000000000000000000 ) ) ;
#1319 = AXIS2_PLACEMENT_3D ( 'NONE', #385, #1042, #292 ) ;
#1320 = VERTEX_POINT ( 'NONE', #831 ) ;
#1321 = AXIS2_PLACEMENT_3D ( 'NONE', #646, #1093, #3 ) ;
#1322 = DIRECTION ( 'NONE',  ( 0.000000000000000000, 0.000000000000000000, 1.000000000000000000 ) ) ;
#1323 = CARTESIAN_POINT ( 'NONE',  ( 0.2857549585985886820, 2.537445679199873183, -0.7918247857633706754 ) ) ;
#1324 = CARTESIAN_POINT ( 'NONE',  ( 0.4838608015723781519, 1.225156655239359793, 0.6706719033497218208 ) ) ;
#1325 = DIRECTION ( 'NONE',  ( -0.000000000000000000, 1.000000000000000000, -0.000000000000000000 ) ) ;
#1326 = VERTEX_POINT ( 'NONE', #1100 ) ;
#1327 = ORIENTED_EDGE ( 'NONE', *, *, #1169, .F. ) ;
#1328 = PLANE ( 'NONE',  #879 ) ;
#1329 = EDGE_LOOP ( 'NONE', ( #749, #844 ) ) ;
#1330 = DIRECTION ( 'NONE',  ( -0.2167497233656790201, -0.000000000000000000, -0.9762272058393485219 ) ) ;
#1331 = LINE ( 'NONE', #659, #972 ) ;
#1332 = CARTESIAN_POINT ( 'NONE',  ( -0.3704236199999996759, 3.148826769999999442, 0.000000000000000000 ) ) ;
#1333 = DIRECTION ( 'NONE',  ( 0.000000000000000000, 0.000000000000000000, 1.000000000000000000 ) ) ;
#1334 = CARTESIAN_POINT ( 'NONE',  ( 0.4174129509675755800, 2.975958925094004393, 0.7307607315548293458 ) ) ;
#1335 = ORIENTED_EDGE ( 'NONE', *, *, #196, .T. ) ;
#1336 = CARTESIAN_POINT ( 'NONE',  ( -0.1901707319459370882, 0.9751181149987764307, -0.8049035426987263264 ) ) ;
#1337 = CARTESIAN_POINT ( 'NONE',  ( 0.3984183123055479725, 1.066723533899713416, 0.7247325480416896282 ) ) ;
#1338 = CARTESIAN_POINT ( 'NONE',  ( 0.5110236200000000117, 3.148826769999999442, -0.2265499999999998071 ) ) ;
#1339 = VECTOR ( 'NONE', #836, 39.37007874015748143 ) ;
#1340 = DIRECTION ( 'NONE',  ( 0.2167497233656790201, 0.000000000000000000, 0.9762272058393484109 ) ) ;
#1341 = LINE ( 'NONE', #907, #873 ) ;
#1342 = CIRCLE ( 'NONE', #695, 0.2417480299999998916 ) ;
#1343 =( LENGTH_UNIT ( ) NAMED_UNIT ( * ) SI_UNIT ( $, .METRE. ) );
#1344 = AXIS2_PLACEMENT_3D ( 'NONE', #240, #492, #571 ) ;
#1345 = ORIENTED_EDGE ( 'NONE', *, *, #1207, .F. ) ;
#1346 = CARTESIAN_POINT ( 'NONE',  ( -0.4940714270391861063, 1.302559062195993711, -0.6631763652173819912 ) ) ;
#1347 = CARTESIAN_POINT ( 'NONE',  ( -0.5110236200000000117, 0.000000000000000000, -0.1405999999999991701 ) ) ;
#1348 = CARTESIAN_POINT ( 'NONE',  ( 0.2182831959742324579, 2.488716182949185285, 0.8131052232515803002 ) ) ;
#1349 = CARTESIAN_POINT ( 'NONE',  ( -0.05763638184821132798, 2.434130801333122651, -0.8396956137969677769 ) ) ;
#1350 = DIRECTION ( 'NONE',  ( 0.2167497233656790201, -0.000000000000000000, 0.9762272058393485219 ) ) ;
#1351 = EDGE_LOOP ( 'NONE', ( #669, #1054, #1417 ) ) ;
#1352 = DIRECTION ( 'NONE',  ( 0.000000000000000000, 0.000000000000000000, 1.000000000000000000 ) ) ;
#1353 = DIRECTION ( 'NONE',  ( -0.000000000000000000, 1.000000000000000000, -0.000000000000000000 ) ) ;
#1354 = DIRECTION ( 'NONE',  ( 0.000000000000000000, 0.000000000000000000, -1.000000000000000000 ) ) ;
#1355 = DIRECTION ( 'NONE',  ( -0.000000000000000000, 1.000000000000000000, -0.000000000000000000 ) ) ;
#1356 = DIRECTION ( 'NONE',  ( -0.000000000000000000, 1.000000000000000000, -0.000000000000000000 ) ) ;
#1357 = ADVANCED_FACE ( 'HAF_CONE_BOSS__P02', ( #774 ), #1206, .T. ) ;
#1358 = APPLICATION_PROTOCOL_DEFINITION ( 'draft international standard', 'automotive_design', 1998, #1226 ) ;
#1359 = ORIENTED_EDGE ( 'NONE', *, *, #692, .T. ) ;
#1360 = DIRECTION ( 'NONE',  ( 0.000000000000000000, 0.000000000000000000, 1.000000000000000000 ) ) ;
#1361 = CARTESIAN_POINT ( 'NONE',  ( -0.2177675607923065526, 3.235211121225118447, 0.8129832047143845664 ) ) ;
#1362 = ORIENTED_EDGE ( 'NONE', *, *, #894, .T. ) ;
#1363 = CARTESIAN_POINT ( 'NONE',  ( 0.4309915639625792050, 2.833682559246640142, -0.7228075955148398624 ) ) ;
#1364 = CARTESIAN_POINT ( 'NONE',  ( 0.000000000000000000, 2.862204730000001085, 1.994452759999999492 ) ) ;
#1365 = DIRECTION ( 'NONE',  ( -0.000000000000000000, -0.000000000000000000, -1.000000000000000000 ) ) ;
#1366 = AXIS2_PLACEMENT_3D ( 'NONE', #1038, #1365, #1266 ) ;
#1367 = EDGE_CURVE ( 'NONE', #886, #507, #1300, .T. ) ;
#1368 = EDGE_LOOP ( 'NONE', ( #683, #69 ) ) ;
#1369 = AXIS2_PLACEMENT_3D ( 'NONE', #1364, #18, #466 ) ;
#1370 = CARTESIAN_POINT ( 'NONE',  ( -0.3239484854538245973, 1.009959979369060790, -0.7611854719678847747 ) ) ;
#1371 = AXIS2_PLACEMENT_3D ( 'NONE', #103, #1441, #985 ) ;
#1372 = CARTESIAN_POINT ( 'NONE',  ( 1.030598139920523558E-16, 3.385826767165354578, 0.8415472450000001103 ) ) ;
#1373 = CARTESIAN_POINT ( 'NONE',  ( 0.3505378991807431843, 2.609862118897507521, -0.7651136961733810971 ) ) ;
#1374 = CARTESIAN_POINT ( 'NONE',  ( -0.2183183694247147200, 2.488742293501701841, -0.8130938980639060842 ) ) ;
#1375 = FACE_OUTER_BOUND ( 'NONE', #939, .T. ) ;
#1376 = ORIENTED_EDGE ( 'NONE', *, *, #934, .F. ) ;
#1377 = CARTESIAN_POINT ( 'NONE',  ( -0.3505888070058758577, 3.114472361364901687, -0.7650898345909470377 ) ) ;
#1378 = CARTESIAN_POINT ( 'NONE',  ( 0.3502582729845255538, 1.600972203751558798, 0.7492108507440831122 ) ) ;
#1379 = CARTESIAN_POINT ( 'NONE',  ( 0.3244160810500821279, 2.577060525722226103, -0.7765623208523223520 ) ) ;
#1380 = CARTESIAN_POINT ( 'NONE',  ( -0.3233251728485381782, 1.617127864228294687, -0.7612288772829374217 ) ) ;
#1381 = CARTESIAN_POINT ( 'NONE',  ( -0.1792494611873138299, 1.313700789999999952, -0.8073283689865526913 ) ) ;
#1382 = ORIENTED_EDGE ( 'NONE', *, *, #1405, .T. ) ;
#1383 = CARTESIAN_POINT ( 'NONE',  ( -0.02900304831728032010, 3.293165339836026551, -0.8411708956725325592 ) ) ;
#1384 = DIRECTION ( 'NONE',  ( -0.000000000000000000, 1.000000000000000000, -0.000000000000000000 ) ) ;
#1385 = EDGE_CURVE ( 'NONE', #541, #358, #271, .T. ) ;
#1386 = CARTESIAN_POINT ( 'NONE',  ( 0.3871751398204432704, 2.669187022726396297, -0.7472961686491437217 ) ) ;
#1387 = CARTESIAN_POINT ( 'NONE',  ( -0.1792494611873138022, 1.652283465000000007, -0.8073283689865526913 ) ) ;
#1388 = FACE_OUTER_BOUND ( 'NONE', #267, .T. ) ;
#1389 = EDGE_LOOP ( 'NONE', ( #1303, #666 ) ) ;
#1390 = CARTESIAN_POINT ( 'NONE',  ( -0.1540362508897283322, 2.458683037868325094, 0.8274357968217246340 ) ) ;
#1391 = CARTESIAN_POINT ( 'NONE',  ( -0.4309599406022014412, 2.891218917007600808, 0.7228265080876609128 ) ) ;
#1392 = AXIS2_PLACEMENT_3D ( 'NONE', #195, #889, #1210 ) ;
#1393 = AXIS2_PLACEMENT_3D ( 'NONE', #366, #1260, #249 ) ;
#1394 = CARTESIAN_POINT ( 'NONE',  ( 0.2175799900354319916, 2.488289293561722904, -0.8133000068560961582 ) ) ;
#1395 = CARTESIAN_POINT ( 'NONE',  ( 0.02745843762474850860, 1.010932539029924637, 0.8266608206076828669 ) ) ;
#1396 = CARTESIAN_POINT ( 'NONE',  ( -0.5110236200000000117, 3.385826769999999986, -0.2265499999999998071 ) ) ;
#1397 = EDGE_CURVE ( 'NONE', #182, #639, #1021, .T. ) ;
#1398 = ORIENTED_EDGE ( 'NONE', *, *, #788, .F. ) ;
#1399 = CARTESIAN_POINT ( 'NONE',  ( -0.4316929149999998994, 2.876483175983082674, -0.7223870103385670038 ) ) ;
#1400 = CARTESIAN_POINT ( 'NONE',  ( 0.1285140003581362322, 1.161021975853243626, -0.8169752955014507600 ) ) ;
#1401 = DIRECTION ( 'NONE',  ( 0.000000000000000000, 0.000000000000000000, 1.000000000000000000 ) ) ;
#1402 = CARTESIAN_POINT ( 'NONE',  ( -0.4916397041911158561, 1.358319384252050233, -0.6649822111523789880 ) ) ;
#1403 = CARTESIAN_POINT ( 'NONE',  ( -0.1484111858589760857, 1.651186702923873595, -0.8137134727137302903 ) ) ;
#1404 = ORIENTED_EDGE ( 'NONE', *, *, #528, .T. ) ;
#1405 = EDGE_CURVE ( 'NONE', #748, #729, #376, .T. ) ;
#1406 = CARTESIAN_POINT ( 'NONE',  ( -0.1512841575735483779, 1.313700789999999952, 0.8807160701292142679 ) ) ;
#1407 = CARTESIAN_POINT ( 'NONE',  ( 1.030598139920523558E-16, 3.385826767165354578, 0.8415472450000001103 ) ) ;
#1408 = CARTESIAN_POINT ( 'NONE',  ( 0.000000000000000000, 2.338582677165354617, 0.000000000000000000 ) ) ;
#1409 = DIRECTION ( 'NONE',  ( 1.000000000000000000, 0.000000000000000000, 0.000000000000000000 ) ) ;
#1410 = ORIENTED_EDGE ( 'NONE', *, *, #1207, .T. ) ;
#1411 = ORIENTED_EDGE ( 'NONE', *, *, #618, .F. ) ;
#1412 = ADVANCED_FACE ( 'HAF_MOUNT_EAST__P01', ( #754 ), #221, .F. ) ;
#1413 = PLANE ( 'NONE',  #1164 ) ;
#1414 = CIRCLE ( 'NONE', #225, 0.4316929150000000104 ) ;
#1415 = CIRCLE ( 'NONE', #516, 0.4316929150000000104 ) ;
#1416 = FILL_AREA_STYLE_COLOUR ( '', #925 ) ;
#1417 = ORIENTED_EDGE ( 'NONE', *, *, #178, .T. ) ;
#1418 = DIRECTION ( 'NONE',  ( 0.000000000000000000, 0.000000000000000000, 1.000000000000000000 ) ) ;
#1419 = CARTESIAN_POINT ( 'NONE',  ( 0.3756570804929368346, 1.582551526527486319, 0.7369833005870591869 ) ) ;
#1420 = EDGE_CURVE ( 'NONE', #175, #182, #1001, .T. ) ;
#1421 = PRODUCT_DEFINITION_CONTEXT ( 'detailed design', #1226, 'design' ) ;
#1422 = CYLINDRICAL_SURFACE ( 'NONE', #323, 0.4316929150000000104 ) ;
#1423 = ORIENTED_EDGE ( 'NONE', *, *, #84, .T. ) ;
#1424 = CARTESIAN_POINT ( 'NONE',  ( -0.04693016147262178001, 1.060109791093090559, 0.8257342135798826366 ) ) ;
#1425 = LINE ( 'NONE', #764, #1255 ) ;
#1426 = ADVANCED_FACE ( 'HAF_CONE_BOSS_NORTH_FACE__P01', ( #661, #750 ), #1328, .F. ) ;
#1427 = CARTESIAN_POINT ( 'NONE',  ( 0.000000000000000000, 2.862204730000001085, -0.8415472400000000297 ) ) ;
#1428 = B_SPLINE_CURVE_WITH_KNOTS ( 'NONE', 3,
 ( #357, #457, #796, #1349, #1248, #585, #372, #363, #1374, #1140, #489, #920, #9, #1241, #253, #930, #382, #906, #237, #687, #820, #1129, #1014, #698 ),
 .UNSPECIFIED., .F., .F.,
 ( 4, 2, 2, 2, 2, 2, 2, 2, 2, 2, 2, 4 ),
 ( 0.03491496185747497427, 0.03600481164005819856, 0.03709466142264142979, 0.03927436098780788531, 0.04145406055297434084, 0.04363376011814079636, 0.04581345968330725882, 0.04690330946589049699, 0.04799315924847374903, 0.05017285881364023925, 0.05126270859622347742, 0.05235255837880672253 ),
 .UNSPECIFIED. ) ;
#1429 = EDGE_LOOP ( 'NONE', ( #715, #648 ) ) ;
#1430 = DIRECTION ( 'NONE',  ( 0.000000000000000000, 0.000000000000000000, -1.000000000000000000 ) ) ;
#1431 = CARTESIAN_POINT ( 'NONE',  ( -0.1512420304887169553, 1.413440939749462721, 0.8130504010912558144 ) ) ;
#1432 = CARTESIAN_POINT ( 'NONE',  ( 0.4321012369603897674, 1.106857266836426046, 0.7052442814110938540 ) ) ;
#1433 = CIRCLE ( 'NONE', #534, 0.8269881900000000119 ) ;
#1434 = CIRCLE ( 'NONE', #784, 0.8415472450000001103 ) ;
#1435 = FACE_OUTER_BOUND ( 'NONE', #1, .T. ) ;
#1436 = ORIENTED_EDGE ( 'NONE', *, *, #1397, .F. ) ;
#1437 = ORIENTED_EDGE ( 'NONE', *, *, #1116, .T. ) ;
#1438 = CARTESIAN_POINT ( 'NONE',  ( -0.1620655929539671636, 1.256261055390977877, 0.8109551523605370571 ) ) ;
#1439 = VERTEX_POINT ( 'NONE', #96 ) ;
#1440 = DIRECTION ( 'NONE',  ( 0.2167497233656790201, 0.000000000000000000, 0.9762272058393484109 ) ) ;
#1441 = DIRECTION ( 'NONE',  ( -0.000000000000000000, -1.000000000000000000, -0.000000000000000000 ) ) ;
#1442 = DIRECTION ( 'NONE',  ( 0.9762272058393485219, 0.000000000000000000, -0.2167497233656788536 ) ) ;
ENDSEC;
END-ISO-10303-21;
